案件管理番号,案件名,システム名,対応内容,合計工数（人月）,工数（人月）
2023101200017,【店頭スマホサポート定額】SIM単体契約用定額サービス,CCOC_M00321,当該OP加入時のIMEI・端末種別情報を受信・保持しDWH連携に利用可能とする,3.15,3.15
2023101200017,【店頭スマホサポート定額】SIM単体契約用定額サービス,KIIRO_M00487,料金一覧（料金のご案内）帳票に当該OP料金・プラン名を回線付帯OPとして表示,0.2,0.2
2023101200017,【店頭スマホサポート定額】SIM単体契約用定額サービス,CaMP_M00053,当該OP獲得店舗・最終サポート受付店舗別インセンティブ計算ロジックを追加,5,5
2023101200017,【店頭スマホサポート定額】SIM単体契約用定額サービス,DWH_M00853,当該OP加入・解除・サポート実施・特典・リモートサポート関連データの格納項目追加,4.8,4.8
2023101200017,【店頭スマホサポート定額】SIM単体契約用定額サービス,CindyM_M00648,継続特典引換実績・直近引換可能期間をDWH_M00853連携用に保持する機能を追加,1.3,1.3
2023101200017,【店頭スマホサポート定額】SIM単体契約用定額サービス,Web情変_M00019,情報変更業務で当該OP加入・解除を受付し、自動解除対象イベントを制御,4.7,4.7
2023101600002,【審査】（CCOC）自社要注意者情報への強制解約者情報連携の廃止,DWH_M00853,自社要注意者DB向け強制解約者データファイルkyousei.dat連携を停止する設定変更,0.3,0.3
2023102400044,【YM】【LM】OLS追加回線契約時の本人確認スキップ,CCOC_M00321,契約者本人確認不要OKフラグ付きオーダーを審査NG・不備扱いにしない判定ロジックへの条件追加,1.12,0.34
2023102400044,【YM】【LM】OLS追加回線契約時の本人確認スキップ,CCOC_M00321,本人確認書類なしオーダーについてAIOCRスキップ後に即本審査へ進める審査フローへの改修,1.12,0.41
2023102400044,【YM】【LM】OLS追加回線契約時の本人確認スキップ,CCOC_M00321,不正疑義等でセンター遷移させる際に本人確認不要OK属性を併記するメモ属性設定処理を追加,1.12,0.37
2023111700012,不正クルーによる申込の抑止対応,CCOC_M00321,GINIE連携受信IFで東芝OCR読取情報（氏名／住所／生年月日／性別）を受信し保持する処理を追加,3.92,1.04
2023111700012,不正クルーによる申込の抑止対応,CCOC_M00321,審査画面に東芝OCR読取情報全項目を表示し本人確認書類画像と見比べ可能とする画面改修,3.92,0.69
2023111700012,不正クルーによる申込の抑止対応,CCOC_M00321,申込情報または既存C#情報と東芝OCR生年月日を突合し一致／不一致判定するロジックを追加,3.92,0.61
2023111700012,不正クルーによる申込の抑止対応,CCOC_M00321,氏名／住所／生年月日／性別の読取不可・不一致時にV52～のNG理由とメモ文言を設定する機能を追加,3.92,0.61
2023111700012,不正クルーによる申込の抑止対応,CCOC_M00321,生年月日読取不可・不一致の場合のみ特審メモ属性付与を行うロジックを追加,3.92,0.43
2023111700012,不正クルーによる申込の抑止対応,CCOC_M00321,審査センター用画面で「書類情報と申込情報の生年月日が一致しません」等の目検結果メモを選択登録可能とする機能を追加,3.92,0.54
2023111700012,不正クルーによる申込の抑止対応,DWH_M00853,新テーブル東芝OCR_DATA（仮）を新設しCCOC連携日時やGINIE受付番号等のキー情報を格納する処理を追加,1,0.49
2023111700012,不正クルーによる申込の抑止対応,DWH_M00853,東芝OCR読取値・GINIE入力値・CCOC審査結果・目検審査結果を連携毎に新レコードとして蓄積する処理を追加,1,0.51
2023120500016,【カスハラ対策】クルー名の記載削除,KIIRO_M00487,事業法帳票や各種帳票の担当者名印字を担当者クルーコード印字に変更する,0.94,0.24
2023120500016,【カスハラ対策】クルー名の記載削除,KIIRO_M00487,でんき・ガス帳票に印字されるクルー氏名をクルーコードのみ印字に変更する,0.94,0.7
2023120500016,【カスハラ対策】クルー名の記載削除,CindyM_M00648,WEB同意メール本文内のクルー名表記をクルーコードのみの表記に変更する,0.8,0.8
2023120700002,【OLS】本申込みメール配信自動化,SCMOne_M00403,予約発注管理画面で予約番号・枠設定情報と配信希望日時を入力・登録する機能を実装,8.8,1.63
2023120700002,【OLS】本申込みメール配信自動化,SCMOne_M00403,二次承認時に配信希望日時を発注開始日時として確定しOLS_M00494連携用項目に格納する処理を追加,8.8,1.19
2023120700002,【OLS】本申込みメール配信自動化,SCMOne_M00403,予約番号・配信日時・OLS枠在庫情報・枠オーナコードOnLineShop01をOLS_M00494へ連携するIF処理を実装,8.8,1.63
2023120700002,【OLS】本申込みメール配信自動化,SCMOne_M00403,二次承認完了後に枠データをOnLineShop01からOLS枠へ自動枠移動するバッチ処理を実装,8.8,1.58
2023120700002,【OLS】本申込みメール配信自動化,SCMOne_M00403,返却在庫情報を受信しOLS枠から返却在庫枠OLSKaraKaesuへ日次で枠移動する処理を実装,8.8,2.77
2023120700002,【OLS】本申込みメール配信自動化,OLS_M00494,SCMOne_M00403からの予約番号・配信日時・在庫情報受信インターフェースを新規実装,6,0.85
2023120700002,【OLS】本申込みメール配信自動化,OLS_M00494,受信データを用いて在庫数と配信件数を自動集計し「在庫数＞配信件数」を判定するロジックを追加,6,0.42
2023120700002,【OLS】本申込みメール配信自動化,OLS_M00494,在庫数が配信件数以上の場合に既存本申込みメール配信設定機能へ自動登録する処理を実装,6,0.46
2023120700002,【OLS】本申込みメール配信自動化,OLS_M00494,在庫不足時に配信設定を保留し在庫数が配信件数以上となるまで待機する制御ロジックを実装,6,0.53
2023120700002,【OLS】本申込みメール配信自動化,OLS_M00494,過去日時指定時は受信直後に本申込みメールを即時配信するスケジューラ処理を実装,6,0.39
2023120700002,【OLS】本申込みメール配信自動化,OLS_M00494,将来日時指定時は指定日時に順次本申込みメールを送信するキューイング処理を実装,6,0.56
2023120700002,【OLS】本申込みメール配信自動化,OLS_M00494,初回配信時にテスト配信完了まで本配信を停止する制御フラグおよび判定ロジックを追加,6,0.46
2023120700002,【OLS】本申込みメール配信自動化,OLS_M00494,本配信開始時に指定件数のみ先行配信し申込状況確認後に残件配信する段階配信機能を実装,6,0.56
2023120700002,【OLS】本申込みメール配信自動化,OLS_M00494,本申込み期限切れ・予約キャンセルかつ本申込み履歴なしの在庫を抽出する日次バッチ処理を実装,6,0.46
2023120700002,【OLS】本申込みメール配信自動化,OLS_M00494,抽出した返却在庫についてLC別にSCMOne_M00403へ返却在庫情報を連携するIF処理を実装,6,0.56
2023120700002,【OLS】本申込みメール配信自動化,OLS_M00494,本申込みメール配信時間帯を9時～21時に制限する日時指定配信ロジックを追加,6,0.32
2023120700002,【OLS】本申込みメール配信自動化,OLS_M00494,商用確認完了フラグが立つまで顧客向けメール配信を抑止する配信制御機能を実装,6,0.43
2023122000007,【料金】オンライン決済利用促進（ペーパーレス化/インハウス促進）,CindyM_M00648,通常請求・クレ買取不能・滞納向け請求通知SMSおよび支払促進SMS送信機能を追加,3.2,2.26
2023122000007,【料金】オンライン決済利用促進（ペーパーレス化/インハウス促進）,CindyM_M00648,SMS送信対象条件（個人契約・名義一致・SMS可等）を判定する送信先絞り込み機能を実装,3.2,0.38
2023122000007,【料金】オンライン決済利用促進（ペーパーレス化/インハウス促進）,CindyM_M00648,滞納請求書QR対象者向けオンライン決済誘導SMSテンプレートを新設し運用する,3.2,0.56
2023122000007,【料金】オンライン決済利用促進（ペーパーレス化/インハウス促進）,DWH_M00853,請求通知履歴マートを新設しB#/請求月/SMS送信日等の項目を格納するテーブルを追加,2.6,1.3
2023122000007,【料金】オンライン決済利用促進（ペーパーレス化/インハウス促進）,DWH_M00853,滞納請求書イメージサマリマートを新設し書面種別やバーコード種別を保持するテーブルを追加,2.6,1.3
2023122600008,【YM】OLS機変/追加新規時のメアド取得フローの変更_オンライン同意追加対応,NFA_M00632,メール配信マスタにオンライン同意SMS切替対象メールID追加登録を実施,7.6,7.6
2023122600008,【YM】OLS機変/追加新規時のメアド取得フローの変更_オンライン同意追加対応,CindyM_M00648,オンライン同意向けSMSテンプレート新規追加とオファーID払い出しを実施,0.4,0.4
2024013000005,【YM】【LM】契約者識別ハッシュ値の生成＜NFA枠改善＞,NFA_M00632,契約者氏名・カナ・生年月日・性別から契約者識別ハッシュ値を生成する処理を追加,2.3,0.44
2024013000005,【YM】【LM】契約者識別ハッシュ値の生成＜NFA枠改善＞,NFA_M00632,使用者氏名・カナ・生年月日・性別から使用者識別ハッシュ値を生成する処理を追加,2.3,0.44
2024013000005,【YM】【LM】契約者識別ハッシュ値の生成＜NFA枠改善＞,NFA_M00632,DWH「d_サービス情報_h」と同一ロジックでハッシュ値を算出する変換ロジックを実装,2.3,0.5
2024013000005,【YM】【LM】契約者識別ハッシュ値の生成＜NFA枠改善＞,NFA_M00632,過去データ参照時にハッシュ化して返却するView等の参照用オブジェクトを新規作成,2.3,0.32
2024013000005,【YM】【LM】契約者識別ハッシュ値の生成＜NFA枠改善＞,NFA_M00632,LY-Vis連携用の既存APIに契約者識別・使用者識別ハッシュ値の取得項目を追加,2.3,0.31
2024013000005,【YM】【LM】契約者識別ハッシュ値の生成＜NFA枠改善＞,NFA_M00632,LY-Vis向け出力テーブルにハッシュ値項目を追加しSQL抽出可能なスキーマへ変更,2.3,0.29
2024013000006,pSIM/eSIM型番の情報取得について＜NFA枠改善＞,NFA_M00632,申込受付APIで機種商品コードを受領しMARS商品フラグマスタからSIMグループを取得,3.1,0.59
2024013000006,pSIM/eSIM型番の情報取得について＜NFA枠改善＞,NFA_M00632,USIM発行要求時にSIMグループをCOPへ連携し返却されたeSIM商品コードでDBを更新,3.1,2.51
2024021400006,【eSIM受付最適化】受付時間拡張 Ph.1,NFA_M00632,OLS受付画面で審査不要申込の受付時間判定ロジックを4:00～23:15に変更する,16.85,7.5
2024021400006,【eSIM受付最適化】受付時間拡張 Ph.1,NFA_M00632,SIM再発行・eSIM再発行画面で4:00～23:15受付可としメンテ時は申込貯留処理を追加する,16.85,9.35
2024021400006,【eSIM受付最適化】受付時間拡張 Ph.1,OLS_M00494,SB-OLSの新規・機種変更・番号移行申込画面の受付時間チェックを新スケジュールに変更する,8.4,3.43
2024021400006,【eSIM受付最適化】受付時間拡張 Ph.1,OLS_M00494,YM-OLS・LINEMO-OLSでMNP・審査要申込の受付時間を別表の時間帯に従い制御する,8.4,2.38
2024021400006,【eSIM受付最適化】受付時間拡張 Ph.1,OLS_M00494,LINEMO SIM発行サイトでeSIM再発行受付時間を回線認証可否に関わらず拡張する,8.4,2.59
2024021400006,【eSIM受付最適化】受付時間拡張 Ph.1,COP_M00365,IVR・WEBからの回線切替要求受付時間を業務別に拡張し時間外エラーコードを返却する,56.09,12.09
2024021400006,【eSIM受付最適化】受付時間拡張 Ph.1,COP_M00365,切替不可時に有人対応が必要なケースを判定し時間外はエラー区分を分けて応答する,56.09,44
2024021400006,【eSIM受付最適化】受付時間拡張 Ph.1,Web情変_M00019,オンライン手続き案内ページの受付時間記載を新スケジュールに更新する,3,0.56
2024021400006,【eSIM受付最適化】受付時間拡張 Ph.1,Web情変_M00019,eSIM再発行オンライン可否条件（回線認証可否）説明文を新ルールに合わせ変更する,3,2.44
2024030100017,【OLS】O2O追加開発（DWH出力機能の構築/Mars取込み回数増）,OLS_M00494,O2Oマスタ情報を営業希望フォーマットで生成し、DWH連携用データとして出力する処理を追加,4.19,1.6
2024030100017,【OLS】O2O追加開発（DWH出力機能の構築/Mars取込み回数増）,OLS_M00494,Mars配信データの取り込みバッチをデイリーから複数回/日に変更し、O2Oマスタ生成頻度を増加させる処理を追加,4.19,1.89
2024030100017,【OLS】O2O追加開発（DWH出力機能の構築/Mars取込み回数増）,OLS_M00494,Marsから配信されたデータの更新日時を参照し、必要時のみ取り込みバッチを起動するロジックを追加,4.19,0.7
2024030100017,【OLS】O2O追加開発（DWH出力機能の構築/Mars取込み回数増）,DWH_M00853,OLS_M00494から連携されるO2Oマスタ出力データを受信し、営業参照用テーブルとして保持・更新する処理を追加,1.3,1.3
2024030500012,【CCOC】書類チェック業務改善,CCOC_M00321,書類閲覧画面を複数同時起動し住民票等を並列表示可能とする改修,8.19,0.98
2024030500012,【CCOC】書類チェック業務改善,CCOC_M00321,フロント特審画面を起動後も閉じず不適格情報画面と同時表示可能とする改修,8.19,0.84
2024030500012,【CCOC】書類チェック業務改善,CCOC_M00321,不適格情報一覧から複数明細画面を同時起動し相互比較可能とする改修,8.19,0.9
2024030500012,【CCOC】書類チェック業務改善,CCOC_M00321,同一グループ内別回線の書類画面を複数起動し入力値との突合を容易にする改修,8.19,0.79
2024030500012,【CCOC】書類チェック業務改善,CCOC_M00321,案件検索画面に検索中断ボタンを追加し実行中クエリをユーザー操作で停止可能とする改修,8.19,0.93
2024030500012,【CCOC】書類チェック業務改善,CCOC_M00321,F2メモ登録画面で登録後も画面を閉じず複数メモを連続入力可能とする改修,8.19,0.64
2024030500012,【CCOC】書類チェック業務改善,CCOC_M00321,使用者変更審査で新設審査項目コードへ変換し2回目審査チェックをスキップする改修,8.19,0.77
2024030500012,【CCOC】書類チェック業務改善,CCOC_M00321,審査横目コード・判断IDの変換パラメータとメモマスタ設定を追加し2回目審査割愛を実現する改修,8.19,0.78
2024030500012,【CCOC】書類チェック業務改善,CCOC_M00321,V48H4チェック条件を変更しカナ氏名のみ変更時は審査センター遷移を行わない改修,8.19,0.75
2024030500012,【CCOC】書類チェック業務改善,CCOC_M00321,V48H5チェック条件を変更しカナ氏名のみ変更時は即時登録完了とするロジックへ修正,8.19,0.81
2024031900015,【YM】eKYCエラー時の不備対応,NFA_M00632,eKYC不備発生時に審査NGではなく不備対応ステータスを設定し自動キャンセル処理を停止する,6.4,0.95
2024031900015,【YM】eKYCエラー時の不備対応,NFA_M00632,eKYC不備時の自動配信メール種別をキャンセル通知から不備対応メールへ切替えるロジックを変更する,6.4,0.82
2024031900015,【YM】eKYCエラー時の不備対応,NFA_M00632,不備修正画面から連携された本人確認情報を受信しFASEへのeKYC情報取得要求を行う処理を追加する,6.4,1.41
2024031900015,【YM】eKYCエラー時の不備対応,NFA_M00632,FASEから取得したeKYC画像をOLSCareに連携し履歴として保管するインタフェース処理を実装する,6.4,1.98
2024031900015,【YM】eKYCエラー時の不備対応,NFA_M00632,eKYC不備時に配信する審査NGメール（キャンセル通知）の対象メールNoを配信停止する制御を追加する,6.4,1.24
2024031900015,【YM】eKYCエラー時の不備対応,CindyM_M00648,eKYC不備対応に伴うメール送信履歴をコンタクト履歴へ自動反映するログ投入処理を実装する,0.2,0.2
2024032700011,【審査】（OLS/CCOC）顔照合AI審査のSBオンライン対応,OLS_M00494,SBオンラインで取得した対象本人確認書類からAI顔認証用画像を別途生成する処理を追加,6.6,4.95
2024032700011,【審査】（OLS/CCOC）顔照合AI審査のSBオンライン対応,OLS_M00494,生成したAI顔認証用画像と申込情報をCCOC_M00321に連携する通信インタフェース処理を追加,6.6,1.65
2024032700011,【審査】（OLS/CCOC）顔照合AI審査のSBオンライン対応,CCOC_M00321,受信したSBオンライン向けAI顔認証用画像を既存ブラックDBに照会する顔照合AI審査処理を適用,7.89,2.37
2024032700011,【審査】（OLS/CCOC）顔照合AI審査のSBオンライン対応,CCOC_M00321,類似顔検知時に審査センターへ案件を遷移させ目検を依頼する審査ワークフロー制御を追加,7.89,5.52
2024040500003,【Apple OLS】FY24商戦期の受付強化,OLS_M00494,"SB OLSにおけるApple OLS連携申込受付処理のTPS上限確認と22,000件/h対応可否の性能評価",2.1,2.1
2024051400026,【審査】（Veritas）V38回線数審査改修（YM）,Veritas_M00413,【個人】MBB回線数審査にてC#最古契約日参照を最古回線S#契約日参照へ変更（YM）,4.2,0.5
2024051400026,【審査】（Veritas）V38回線数審査改修（YM）,Veritas_M00413,【個人】MBB回線数審査で回線S#契約日数90日判定時に端末S#をカウント対象外とする変更（YM）,4.2,0.44
2024051400026,【審査】（Veritas）V38回線数審査改修（YM）,Veritas_M00413,【個人】ポストペイド新規・譲渡承継申込みで対象機種USIM最古C#契約日参照を最古回線S#契約日参照へ変更（YM）,4.2,0.5
2024051400026,【審査】（Veritas）V38回線数審査改修（YM）,Veritas_M00413,【個人】ポストペイド新規・譲渡承継申込みで回線S#契約日数180日判定時に端末S#をカウント対象外とする変更（YM）,4.2,0.44
2024051400026,【審査】（Veritas）V38回線数審査改修（YM）,Veritas_M00413,【個人】NEXUS等高額機種審査で対象機種USIM最古C#契約日参照を最古回線S#契約日参照へ変更（YM）,4.2,0.45
2024051400026,【審査】（Veritas）V38回線数審査改修（YM）,Veritas_M00413,【個人】NEXUS等高額機種審査で回線S#契約日数180日判定時に端末S#をカウント対象外とする変更（YM）,4.2,0.42
2024051400026,【審査】（Veritas）V38回線数審査改修（YM）,Veritas_M00413,【個人】ポストペイド(事業者LM)で既存C#最古契約日参照を最古回線S#契約日参照へ変更（YM）,4.2,0.48
2024051400026,【審査】（Veritas）V38回線数審査改修（YM）,Veritas_M00413,【個人】ポストペイド(事業者LM)で回線S#契約日数90日判定時に端末S#をカウント対象外とする変更（YM）,4.2,0.45
2024051400026,【審査】（Veritas）V38回線数審査改修（YM）,Veritas_M00413,上記4審査全てでシェアプランを回線数カウント対象外としサスペンド中回線S#を対象とする判定条件設定（YM）,4.2,0.52
2024052200003,【審査】（CCOC/Veritas）名寄せ照会上限設定値の引き上げ,CCOC_M00321,名寄せ照会処理における名寄せ件数上限値の判定ロジックを変更,9.4,6
2024052200003,【審査】（CCOC/Veritas）名寄せ照会上限設定値の引き上げ,CCOC_M00321,契約回線数審査V38の名寄せ照会上限値を24件から35件へ変更,9.4,1.7
2024052200003,【審査】（CCOC/Veritas）名寄せ照会上限設定値の引き上げ,CCOC_M00321,USIM単体回線数審査E45の名寄せ照会上限値を24件から35件へ変更,9.4,1.7
2024052200003,【審査】（CCOC/Veritas）名寄せ照会上限設定値の引き上げ,Veritas_M00413,各審査（V38/V37/E45/E63）の名寄せ件数上限値設定パラメータを変更,2,0.83
2024052200003,【審査】（CCOC/Veritas）名寄せ照会上限設定値の引き上げ,Veritas_M00413,名寄せ滞納審査V37の名寄せ照会上限値を24件から35件へ変更,2,0.5
2024052200003,【審査】（CCOC/Veritas）名寄せ照会上限設定値の引き上げ,Veritas_M00413,法人名寄せ滞納審査E63の名寄せ照会上限値を24件から35件へ変更,2,0.67
2024052300007,【OLS】不正対策システム化 実装ロジック修正,審査PF_M00555,住所クレンジング機能でクレンジング後住所末尾の「_」を削除するロジックを追加,3.7,0.31
2024052300007,【OLS】不正対策システム化 実装ロジック修正,審査PF_M00555,住所クレンジングマスタに意図的な表記ゆれ文字パターンを追加登録しクレンジング対象を拡充,3.7,0.68
2024052300007,【OLS】不正対策システム化 実装ロジック修正,審査PF_M00555,メールアドレスクレンジング機能で大文字小文字を片方へ統一する変換処理を追加（8/13版資料では本対応は実施なしと明記）,3.7,2.71
2024061100012,【料金】オンライン決済利用促進（ペーパーレス化/インハウス促進）_3（通常請求）,Web情変_M00019,契約照会トップ画面の支払方法表示を「窓口払い」から「請求書払い」に統一変更（YM・LINEMO）,1.93,0.51
2024061100012,【料金】オンライン決済利用促進（ペーパーレス化/インハウス促進）_3（通常請求）,Web情変_M00019,支払方法変更画面でCOP区分に応じた「請求書払い」表示ロジックへ一括変更（YM・LINEMO）,1.93,1.42
2024071200003,【かんてつ全社施策】8月分対応案件,Similis_M00817,かんたん手続きにおける付属品販売機能へ新規付属品を販売対象として追加,0.8,0.8
2024072200006,【審査】（DWH）d_ccoc否決情報マートにおける既存項目追加依頼,DWH_M00853,「d_ccoc否決情報」テーブルの審査項目コード通番上限を#300まで拡張する変更,0.8,0.4
2024072200006,【審査】（DWH）d_ccoc否決情報マートにおける既存項目追加依頼,DWH_M00853,「d_ccoc否決情報」に審査_001～300の否決情報を保持可能とする項目設定変更,0.8,0.4
2024072300015,【料金】PayPayオンライン決済に関する表示「決済番号」を「取引番号」へ修正,CLS_M00676,PayPayオンライン決済関連照会画面の「決済番号」項目ラベルを「取引番号」へ変更,0.95,0.95
2024072900004,【料金】請求書発行手数料値上げ対応,Similis_M00817,請求書発行手数料表示・計算に使用する料金マスタの単価を200円から230円に変更,0.23,0.23
2024072900004,【料金】請求書発行手数料値上げ対応,KIIRO_M00487,請求書発行手数料を使用する画面・帳票の表示金額を200円から230円へ変更,0.2,0.2
2024072900004,【料金】請求書発行手数料値上げ対応,Web情変_M00019,請求書手数料改定に伴う料金仕様書およびWeb情変参照情報の金額を230円に更新,0.66,0.66
2024080800007,【かんてつ全社施策】9月分対応案件,Similis_M00817,記載なし,0.8,0.8
2024082600012,【審査】（CCOC）審査スキップ発動時のシステム化対応,CCOC_M00321,CCOCメニューの「ツール起動」配下に審査スキップ「マスタ設定画面」起動ボタンを新設し遷移制御を追加,10.78,0.4
2024082600012,【審査】（CCOC）審査スキップ発動時のシステム化対応,CCOC_M00321,「マスタ設定画面」で審査スキップレベルの追加・変更・削除を行うマスタ管理機能を追加,10.78,0.79
2024082600012,【審査】（CCOC）審査スキップ発動時のシステム化対応,CCOC_M00321,「マスタ設定画面」でレベル別に審査IDを紐づけ設定・変更・削除する入力・保存ロジックを追加,10.78,0.77
2024082600012,【審査】（CCOC）審査スキップ発動時のシステム化対応,CCOC_M00321,「マスタ設定画面」でレベル別に判断ID（個別・複数・ALL）を設定・変更・削除する機能を追加,10.78,0.65
2024082600012,【審査】（CCOC）審査スキップ発動時のシステム化対応,CCOC_M00321,「マスタ設定画面」で審査項目名称を審査項目IDから自動表示する参照表示機能を追加,10.78,0.25
2024082600012,【審査】（CCOC）審査スキップ発動時のシステム化対応,CCOC_M00321,「マスタ設定画面」で業務種別を審査項目ID単位に別マスタから選択し設定・保存する機能を追加,10.78,0.48
2024082600012,【審査】（CCOC）審査スキップ発動時のシステム化対応,CCOC_M00321,「マスタ設定画面」で個別審査スキップの審査ID／判断ID／ブランド／チャネル／業務種別組合せを登録する機能を追加,10.78,0.67
2024082600012,【審査】（CCOC）審査スキップ発動時のシステム化対応,CCOC_M00321,「マスタ設定画面」で登録済み個別審査スキップ組合せを一覧参照し再利用指定する機能を追加,10.78,0.6
2024082600012,【審査】（CCOC）審査スキップ発動時のシステム化対応,CCOC_M00321,「設定/解除画面」で有効開始日時・有効終了日時・レベル・発動区分を入力し即時反映する制御を追加,10.78,0.43
2024082600012,【審査】（CCOC）審査スキップ発動時のシステム化対応,CCOC_M00321,「設定/解除画面」で過去分／現在分／未来分を色分け表示し編集可能範囲を制御する画面ロジックを追加,10.78,0.35
2024082600012,【審査】（CCOC）審査スキップ発動時のシステム化対応,CCOC_M00321,「設定/解除画面」で直前日時・過去日時を入力不可とする日付入力バリデーションを実装,10.78,0.19
2024082600012,【審査】（CCOC）審査スキップ発動時のシステム化対応,CCOC_M00321,「設定/解除画面」で発動前設定行の削除チェックと更新ボタン押下で論理削除する処理を追加,10.78,0.31
2024082600012,【審査】（CCOC）審査スキップ発動時のシステム化対応,CCOC_M00321,「設定/解除画面」で過去分履歴の表示・非表示を切り替える「過去分表示」ボタン制御を追加,10.78,0.21
2024082600012,【審査】（CCOC）審査スキップ発動時のシステム化対応,CCOC_M00321,「設定/解除画面」で現在発動中の審査スキップレベルを最大10件まで一覧表示する機能を追加,10.78,0.29
2024082600012,【審査】（CCOC）審査スキップ発動時のシステム化対応,CCOC_M00321,「設定/解除画面」で開始時刻として審査スキップレベル反映日時を表示・保持する機能を追加,10.78,0.25
2024082600012,【審査】（CCOC）審査スキップ発動時のシステム化対応,CCOC_M00321,「設定/解除画面」で更新者・更新日時として初回／最終の設定者・日時を保持し表示する機能を追加,10.78,0.25
2024082600012,【審査】（CCOC）審査スキップ発動時のシステム化対応,CCOC_M00321,「設定/解除画面」の更新ボタン押下時に「更新しますか？」アラート表示し確定処理を行う制御を追加,10.78,0.16
2024082600012,【審査】（CCOC）審査スキップ発動時のシステム化対応,CCOC_M00321,「設定/解除画面」の設定解除ボタン押下時に「設定を解除しますか？」アラート表示し解除処理を行う制御を追加,10.78,0.16
2024082600012,【審査】（CCOC）審査スキップ発動時のシステム化対応,CCOC_M00321,審査スキップ発動時に対象特属性を削除し審査センター遷移を抑止するバックエンド処理を追加,10.78,0.6
2024082600012,【審査】（CCOC）審査スキップ発動時のシステム化対応,CCOC_M00321,審査スキップ解除時に発動時点の特属性情報から元の属性状態へ復元するロジックを追加,10.78,0.56
2024082600012,【審査】（CCOC）審査スキップ発動時のシステム化対応,CCOC_M00321,審査スキップレベル別にチャネル／業務種別で絞り込んだ対象にのみ特属性削除を適用する条件分岐を実装,10.78,0.5
2024082600012,【審査】（CCOC）審査スキップ発動時のシステム化対応,CCOC_M00321,個別審査スキップで指定された審査ID／判断ID／ブランド／チャネル／業務種別条件に合致する申込のみ特属性削除する処理を追加,10.78,0.52
2024082600012,【審査】（CCOC）審査スキップ発動時のシステム化対応,CCOC_M00321,グループID単位で申込を集約し審査スキップ対象のカウントを1とする集計ロジックを追加,10.78,0.37
2024082600012,【審査】（CCOC）審査スキップ発動時のシステム化対応,CCOC_M00321,問属性による審査NGおよび他特属性による遷移時はカウントしない審査スキップ件数判定ロジックを追加,10.78,0.33
2024082600012,【審査】（CCOC）審査スキップ発動時のシステム化対応,CCOC_M00321,審査スキップ設定期間中の対象申込件数を抽出しCCOC上で表示・ダウンロード可能とする集計画面・機能を追加,10.78,0.69
2024082700012,【法令対応】（総務省案件）ネットワーク利用制限 仕様変更②,COP_M00365,他社から受領したIMEI規制情報ファイルをFINE経由で取り込み、差分のみ内部テーブルへ追加更新する夜間バッチ処理を新規実装,67.65,13.71
2024082700012,【法令対応】（総務省案件）ネットワーク利用制限 仕様変更②,COP_M00365,IMEI重複時にアップロードファイルをエラーとし重複レコードをエラーファイル出力するチェックロジックを追加,67.65,3.61
2024082700012,【法令対応】（総務省案件）ネットワーク利用制限 仕様変更②,COP_M00365,自社管理IMEIと他社IMEIが重複した場合に自社情報を優先し、他社分をエラーとして扱う判定ロジックを追加,67.65,3.61
2024082700012,【法令対応】（総務省案件）ネットワーク利用制限 仕様変更②,COP_M00365,自社規制端末のIMEI・ステータス・規制日等を月次で抽出し、FINEへ他社連携用ファイルを連携するバッチ処理を新規実装,67.65,10.82
2024082700012,【法令対応】（総務省案件）ネットワーク利用制限 仕様変更②,COP_M00365,他社IMEIの手動規制／解除および自社IMEIの手動制御を行うG10メンテナンス画面を新設し、即時でPRV連携可能とする機能を追加,67.65,16.59
2024082700012,【法令対応】（総務省案件）ネットワーク利用制限 仕様変更②,COP_M00365,IMEI規制情報と事業者コードを保持する新テーブルを作成し、保管期間10年経過時に自動削除（自動解除）するバッチロジックを実装,67.65,8.66
2024082700012,【法令対応】（総務省案件）ネットワーク利用制限 仕様変更②,COP_M00365,CORELISCare／GINIEからのIMEI規制照会APIに対し、事業者名・規制状態・規制／解除履歴を返却するIFを新規実装,67.65,10.65
2024082700012,【法令対応】（総務省案件）ネットワーク利用制限 仕様変更②,Web情変_M00019,SBサイト「NW利用制限携帯電話機の確認」で自社／他社のIMEI規制情報を区分し、「×」のみ表示しキャリア名を出力する照会画面ロジックを追加,4.76,2.57
2024082700012,【法令対応】（総務省案件）ネットワーク利用制限 仕様変更②,Web情変_M00019,規制されていないIMEIや管理外IMEIについて「ー」を表示し、他社情報がない場合の事業者名非表示処理を実装,4.76,2.19
2024082700012,【法令対応】（総務省案件）ネットワーク利用制限 仕様変更②,DWH_M00853,IMEI・ステータス・事業者・規制日・解除日を保持する新テーブルを追加し、COPからの連携データを夜間バッチで取り込む処理を実装,2.5,1
2024082700012,【法令対応】（総務省案件）ネットワーク利用制限 仕様変更②,DWH_M00853,ネットワーク利用制限に関する検索・集計用ビューを追加し、役員速報向け出力機能を廃止するデータフロー変更を実施,2.5,1.5
2024091100003,【かんてつ全社施策】10月分対応案件,Similis_M00817,新付属品販売に必要な処理の詳細は資料に記載なし,0.8,0.8
2024091700003,【eSIM受付最適化】受付時間拡張 Ph.2,CCOC_M00321,CCIC審査不要申込に対し0:00～23:15も審査可能となる受付時間判定ロジックを変更,38.56,38.56
2024091700003,【eSIM受付最適化】受付時間拡張 Ph.2,NFA_M00632,OLSからの非対面申込に対し受付時間判定を0:00～23:15へ拡張し時間外申込を抑止,5.11,5.11
2024091700003,【eSIM受付最適化】受付時間拡張 Ph.2,OLS_M00494,OLS-Care経由でのSIM再発行・eSIM再発行受付時間を0:00～23:15に拡張する処理を追加,8.3,8.3
2024091700003,【eSIM受付最適化】受付時間拡張 Ph.2,Cafe_M00875,回線切替要求を受けCOP・交換機へ連携する際の受付時間制御を0:00～23:15へ拡張,2.3,2.3
2024091700003,【eSIM受付最適化】受付時間拡張 Ph.2,COP_M00365,IVR・切替サイトからの開通要求受付時間を0:00～23:15（eSIMクイック転送0:00～23:30）に変更,60.7,14.08
2024091700003,【eSIM受付最適化】受付時間拡張 Ph.2,COP_M00365,MNPおよび有人オペレーター要件あり申込に対し時間外エラーコードを返却する判定処理を実装,60.7,46.62
2024091700003,【eSIM受付最適化】受付時間拡張 Ph.2,DWH_M00853,本施策に関しデータ抽出機能を追加せず既存抽出定義を維持する設定確認（抽出無設定）,0.9,0.9
2024091900022,【YM】OLSの申込メールアドレスをSBIDメールアドレスへ格納,NFA_M00632,SB・YM・LINEMO-OLSから申込メールアドレスをSBID連携用項目として追加連携する,2.7,2.7
2024101100002,【かんてつ全社施策】おうち割ひかり（ケーブルライン）受付対応,Cafe_M00875,ケーブルライン回線の固定電話番号・申込書管理番号で回線照会し名義情報を返却する,3.35,1.56
2024101100002,【かんてつ全社施策】おうち割ひかり（ケーブルライン）受付対応,Cafe_M00875,ケーブルライン種別を❶ケーブルライン/ひかりdeトークSと➋NURO光でんわで識別し返却する,3.35,1.79
2024120300001,【審査】（GINIE/審査PF）代理人（機種変更）審査強化,審査PF_M00555,E0H（新）累計割賦残債審査に永住者用判断IDとマトリクスを新設し永住者を独立判定,3.9,0.44
2024120300001,【審査】（GINIE/審査PF）代理人（機種変更）審査強化,審査PF_M00555,「国籍自動判定（契約者）」で本人確認書類25・26を永住者として判定するロジックを追加,3.9,0.29
2024120300001,【審査】（GINIE/審査PF）代理人（機種変更）審査強化,審査PF_M00555,審査実施判定で割賦購入フラグ・契約者タイプ・審査対象有無に基づくE0H実施可否ロジックを追加,3.9,0.32
2024120300001,【審査】（GINIE/審査PF）代理人（機種変更）審査強化,審査PF_M00555,代理店グループ・国籍自動判定・確認書類から日本籍・外国籍・永住者マトリクスへ分岐する条件を追加,3.9,0.35
2024120300001,【審査】（GINIE/審査PF）代理人（機種変更）審査強化,審査PF_M00555,サービス提供事業者コード別に残債＋申込総額と利用月数等で永住者用ラダーを設定し判断IDに紐付け,3.9,0.37
2024120300001,【審査】（GINIE/審査PF）代理人（機種変更）審査強化,審査PF_M00555,既存日本籍・外国籍マトリクスの金額閾値（40万・50万等）と利用月数ラダーを2025/02/06版へ修正,3.9,0.29
2024120300001,【審査】（GINIE/審査PF）代理人（機種変更）審査強化,審査PF_M00555,新規・機種変更時に申込情報優先で国籍自動判定を行い未取得時は照会情報を参照するIFを実装,3.9,0.34
2024120300001,【審査】（GINIE/審査PF）代理人（機種変更）審査強化,審査PF_M00555,既存「国籍自動判定（契約者）」を複製した審査要素を新規作成し審査結果応答専用に利用,3.9,0.3
2024120300001,【審査】（GINIE/審査PF）代理人（機種変更）審査強化,審査PF_M00555,A001「申告国籍妥当性審査の結果」VALUE2へ複製版国籍自動判定値を設定するマッピングを追加,3.9,0.24
2024120300001,【審査】（GINIE/審査PF）代理人（機種変更）審査強化,審査PF_M00555,A001「申告国籍妥当性審査の結果」VALUE5へ国籍自動判定結果（契約者）（永住権考慮）を設定,3.9,0.25
2024120300001,【審査】（GINIE/審査PF）代理人（機種変更）審査強化,審査PF_M00555,代理人フラグ付き申込に対し代理人審査マトリックスで審査判定する処理を追加,3.9,0.37
2024120300001,【審査】（GINIE/審査PF）代理人（機種変更）審査強化,審査PF_M00555,契約者属性に基づき代理人申込を審査センターへ遷移させる制御ロジックを追加,3.9,0.34
2024120300001,【審査】（GINIE/審査PF）代理人（機種変更）審査強化,DWH_M00853,汎用審査結果A001のVALUE5として国籍自動判定結果（契約者）（永住権考慮）を新規連携するバッチを改修,1.75,0.58
2024120300001,【審査】（GINIE/審査PF）代理人（機種変更）審査強化,DWH_M00853,d_ccoc否決情報（申込書番号）テーブルに代理人フラグ項目を新設し1/0を格納する処理を追加,1.75,0.58
2024120300001,【審査】（GINIE/審査PF）代理人（機種変更）審査強化,DWH_M00853,b_ccc_申込書契約者汎用（申込書番号）テーブルに代理人フラグ項目を新設し1/0を格納する処理を追加,1.75,0.59
2024120300001,【審査】（GINIE/審査PF）代理人（機種変更）審査強化,CCOC_M00321,E32申告国籍妥当性審査で国籍自動判定結果を参照し永住者を日本人扱いしないようロジック追加,4.53,0.21
2024120300001,【審査】（GINIE/審査PF）代理人（機種変更）審査強化,CCOC_M00321,E34取次店電話番号使い回し審査で国籍自動判定参照方法を永住権考慮版に合わせるIF変更,4.53,0.18
2024120300001,【審査】（GINIE/審査PF）代理人（機種変更）審査強化,CCOC_M00321,E40おうち割加入者審査で国籍自動判定参照により永住者の扱いを新マトリクスに合わせて変更,4.53,0.18
2024120300001,【審査】（GINIE/審査PF）代理人（機種変更）審査強化,CCOC_M00321,E45USIM単体回線数審査で国籍自動判定を参照するロジックを永住権考慮条件に合わせて変更,4.53,0.18
2024120300001,【審査】（GINIE/審査PF）代理人（機種変更）審査強化,CCOC_M00321,E48外国籍名義審査で国籍自動判定の結果に基づき永住者を適切な属性として判断するよう改修,4.53,0.18
2024120300001,【審査】（GINIE/審査PF）代理人（機種変更）審査強化,CCOC_M00321,E53BIN帯判別審査で国籍自動判定参照項目をICMN005-3006-S5000に統一し永住権判定反映,4.53,0.18
2024120300001,【審査】（GINIE/審査PF）代理人（機種変更）審査強化,CCOC_M00321,E60番号移行審査の国籍自動判定参照項目をS5001として永住者扱いを新ロジックに合わせて変更,4.53,0.18
2024120300001,【審査】（GINIE/審査PF）代理人（機種変更）審査強化,CCOC_M00321,E61キャリア履歴審査3で国籍自動判定参照により永住者の審査ハードルを制御するロジックに変更,4.53,0.18
2024120300001,【審査】（GINIE/審査PF）代理人（機種変更）審査強化,CCOC_M00321,E62超短期複数台申込審査で国籍自動判定の結果に応じた永住者の厳格判定を行うよう改修,4.53,0.18
2024120300001,【審査】（GINIE/審査PF）代理人（機種変更）審査強化,CCOC_M00321,E66移動機物販台数審査で国籍自動判定結果を用い永住者を外国籍相当基準で評価するよう変更,4.53,0.18
2024120300001,【審査】（GINIE/審査PF）代理人（機種変更）審査強化,CCOC_M00321,E67高額事業者交換情報審査で国籍自動判定結果により永住者を高リスクとして扱う判定を追加,4.53,0.18
2024120300001,【審査】（GINIE/審査PF）代理人（機種変更）審査強化,CCOC_M00321,E74バルサンチェックで国籍自動判定結果の参照項目を永住権考慮版に変更し分岐条件を調整,4.53,0.18
2024120300001,【審査】（GINIE/審査PF）代理人（機種変更）審査強化,CCOC_M00321,E75累計割賦残債審査で国籍自動判定結果に応じ日本籍・外国籍・永住者各マトリクスを参照,4.53,0.18
2024120300001,【審査】（GINIE/審査PF）代理人（機種変更）審査強化,CCOC_M00321,E77USIM単体チェックで国籍自動判定参照をS2000に統一し永住者判定を加味するよう変更,4.53,0.18
2024120300001,【審査】（GINIE/審査PF）代理人（機種変更）審査強化,CCOC_M00321,E78リアルタイム不正住所審査で国籍自動判定結果から永住者含む属性別のチェック強度を制御,4.53,0.18
2024120300001,【審査】（GINIE/審査PF）代理人（機種変更）審査強化,CCOC_M00321,E79移動機割賦台数審査で国籍自動判定結果に基づき永住者の審査基準を外国籍相当に設定,4.53,0.18
2024120300001,【審査】（GINIE/審査PF）代理人（機種変更）審査強化,CCOC_M00321,E82統合累計回線数審査で国籍自動判定結果により永住者の回線数制御ロジックを変更,4.53,0.18
2024120300001,【審査】（GINIE/審査PF）代理人（機種変更）審査強化,CCOC_M00321,E86契約変更審査で国籍自動判定結果に応じ永住者への審査強度を変更するIFを追加,4.53,0.18
2024120300001,【審査】（GINIE/審査PF）代理人（機種変更）審査強化,CCOC_M00321,E92機種変更審査で国籍自動判定参照を申込情報優先とし永住者判定を反映するロジックに変更,4.53,0.18
2024120300001,【審査】（GINIE/審査PF）代理人（機種変更）審査強化,CCOC_M00321,E94解約履歴審査で国籍自動判定結果から永住者の解約履歴評価を外国籍相当に扱うよう改修,4.53,0.18
2024120300001,【審査】（GINIE/審査PF）代理人（機種変更）審査強化,CCOC_M00321,E98USIM短期解約審査で国籍自動判定結果に応じ永住者の短期解約リスク判定を強化,4.53,0.18
2024120300001,【審査】（GINIE/審査PF）代理人（機種変更）審査強化,CCOC_M00321,E99譲渡後機種審査で国籍自動判定結果を参照し永住者名義の譲渡後リスクを高く評価するよう変更,4.53,0.18
2024120300001,【審査】（GINIE/審査PF）代理人（機種変更）審査強化,CCOC_M00321,GINIEで取得した代理人フラグを申込情報として受信し保持する処理を追加,4.53,0.24
2024120300001,【審査】（GINIE/審査PF）代理人（機種変更）審査強化,CCOC_M00321,GINIEで取得した代理人本人確認書類画像を申込単位で格納・連携する処理を追加,4.53,0.3
2024120300001,【審査】（GINIE/審査PF）代理人（機種変更）審査強化,Veritas_M00413,記載なし（要件なしと明記）,0.7,0.7
2024102500004,【審査】（CCOC） B#ホワイトリストの改修,CCOC_M00321,新ホワイトリスト（B#指定）審査ロジックで解約済B#も不問判定可能に変更,2.9,0.96
2024102500004,【審査】（CCOC） B#ホワイトリストの改修,CCOC_M00321,滞納検知B#と現在のカナ氏名一致時に自動滞納不問とする判定条件を追加,2.9,1.2
2024102500004,【審査】（CCOC） B#ホワイトリストの改修,CCOC_M00321,B#のみ一致する解約済回線をカナ氏名確認なしで滞納不問とする処理を追加,2.9,0.74
2024102800007,【Apple OLS】FY25商戦対応（Apple試験）　,OLS_M00494,Get Ready経由流入のeSIM単体契約を通常受付として処理する画面制御を追加,22.8,1.45
2024102800007,【Apple OLS】FY25商戦対応（Apple試験）　,OLS_M00494,Appleから連携される業務種別ごとに新規・MNP・機種変更等の申込ページへ自動遷移するロジックを追加,22.8,1.69
2024102800007,【Apple OLS】FY25商戦対応（Apple試験）　,OLS_M00494,Himalaya経由MNP契約時に増額インセンティブ対象として扱う契約フラグを受付処理に追加,22.8,0.97
2024102800007,【Apple OLS】FY25商戦対応（Apple試験）　,OLS_M00494,Get Ready目印や業務種別をDWH連携用データに付与し送信する処理を追加,22.8,1.21
2024102800007,【Apple OLS】FY25商戦対応（Apple試験）　,OLS_M00494,契約者タイプ・carrierOrderStatus・applicationFlow・cancellationTypeを通知する新API送信機能を追加,22.8,1.93
2024102800007,【Apple OLS】FY25商戦対応（Apple試験）　,OLS_M00494,Appleからの新設API（業務種別連携）を受信しオーダーナンバーで紐づける受信機能を追加,22.8,1.57
2024102800007,【Apple OLS】FY25商戦対応（Apple試験）　,OLS_M00494,API接続レスポンスを簡易に確認できる試験環境向けログ閲覧・返却機能を追加,22.8,0.84
2024102800007,【Apple OLS】FY25商戦対応（Apple試験）　,OLS_M00494,Apple連携用フロント受付画面で契約者タイプAPIパラメータを受信し選択肢制御を追加,22.8,1.09
2024102800007,【Apple OLS】FY25商戦対応（Apple試験）　,OLS_M00494,契約方法選択画面において非活性ボタン押下時の注意喚起ポップアップ表示ロジックを追加,22.8,0.48
2024102800007,【Apple OLS】FY25商戦対応（Apple試験）　,OLS_M00494,S-in前申込およびGetReady経由申込の場合に全契約種別選択可能とする受付条件分岐を実装,22.8,1.09
2024102800007,【Apple OLS】FY25商戦対応（Apple試験）　,OLS_M00494,Appleから連携された受付業務種別が異なる契約種別選択をできないようボタン非活性制御を実装,22.8,0.97
2024102800007,【Apple OLS】FY25商戦対応（Apple試験）　,OLS_M00494,OLS管理画面にGetReadyフラグ表示項目を追加し申込区分を識別可能に変更,22.8,0.6
2024102800007,【Apple OLS】FY25商戦対応（Apple試験）　,OLS_M00494,OLS管理画面にApple側選択業務種別表示項目を追加し受付内容の確認機能を拡張,22.8,0.72
2024102800007,【Apple OLS】FY25商戦対応（Apple試験）　,OLS_M00494,GetReadyフラグ連携時でも仮登録ではなく本登録へ遷移させる受付フローへ変更,22.8,1.09
2024102800007,【Apple OLS】FY25商戦対応（Apple試験）　,OLS_M00494,Appleからの新設API（carrierOrderStatus等）を受信するインタフェース処理を追加,22.8,1.45
2024102800007,【Apple OLS】FY25商戦対応（Apple試験）　,OLS_M00494,既存APIレスポンスの見直しと最適化によりApple接続時の通信パフォーマンスを改善,22.8,1.21
2024102800007,【Apple OLS】FY25商戦対応（Apple試験）　,OLS_M00494,APIレスポンスを簡易確認可能な試験用シミュレーター画面・機能を追加実装,22.8,0.97
2024102800007,【Apple OLS】FY25商戦対応（Apple試験）　,OLS_M00494,Apple要望TPS50に対応するため受付サーバのスケールアウト設定および負荷分散設定を変更,22.8,1.93
2024102800007,【Apple OLS】FY25商戦対応（Apple試験）　,OLS_M00494,商品発表日6:00〜予約開始日22:00限定でTPS50維持するスケジュール制御ロジックを追加,22.8,1.54
2024102900025,直投ミスによるデータ不整合のシステムチェック対応,Veritas_M00413,G10直投後の全回線データに対し整合性チェックを追加実施し不整合S#を抽出,6.4,1.33
2024102900025,直投ミスによるデータ不整合のシステムチェック対応,Veritas_M00413,過去直投約170万件をバッチ抽出し日次2万件単位で一括整合性チェックを実施,6.4,1.65
2024102900025,直投ミスによるデータ不整合のシステムチェック対応,Veritas_M00413,データシェア有効終了日と無料特典終了日の組み合わせ判定ロジックを新規実装,6.4,1.72
2024102900025,直投ミスによるデータ不整合のシステムチェック対応,Veritas_M00413,日次0.1万件のG10直投データを対象とした自動日次チェックバッチを新設,6.4,1.7
2024102900025,直投ミスによるデータ不整合のシステムチェック対応,COP_M00365,Veritasで抽出された不整合S#を受け取り料金データの修正リカバリ処理を実行,6,2.1
2024102900025,直投ミスによるデータ不整合のシステムチェック対応,COP_M00365,過去分170万件チェック結果に基づく個人契約回線リカバリ処理用のバッチ機能を追加,6,2.3
2024102900025,直投ミスによるデータ不整合のシステムチェック対応,COP_M00365,G10直投日次チェック結果連携インターフェースを実装し不整合案件の自動受信を可能化,6,1.6
2024102900025,直投ミスによるデータ不整合のシステムチェック対応,CCOC_M00321,G10直投対象回線の処理履歴を抽出しVeritasチェック用データファイルを日次出力する機能を追加,9.9,4.29
2024102900025,直投ミスによるデータ不整合のシステムチェック対応,CCOC_M00321,データシェアおよび無料特典の終了日を「9999/12/31」基準で出力するための項目整備を実施,9.9,2.64
2024102900025,直投ミスによるデータ不整合のシステムチェック対応,CCOC_M00321,エラー監視遷移案件についてエラー発生処理ステップと理由を照会画面に表示する機能を追加,9.9,1.65
2024102900025,直投ミスによるデータ不整合のシステムチェック対応,CCOC_M00321,キャンペーン適用履歴照会機能を追加し学割等の重複適用有無を確認可能とする,9.9,1.32
2024110800007,【総務省】OLSデフォルトレ点対応,OLS_M00494,料金プラン選択画面におけるデフォルト✓点ロジックを、利用実態・同意取得に基づく表示へ変更,6.5,0.56
2024110800007,【総務省】OLSデフォルトレ点対応,OLS_M00494,有料オプション選択画面におけるデフォルト✓点ロジックを、同一名称オプションのみ✓点可とする判定へ変更,6.5,0.61
2024110800007,【総務省】OLSデフォルトレ点対応,OLS_M00494,機種変更時に加入中オプションの名称を取得し、同一名称のみ自動✓点を行う判定ロジックを追加,6.5,0.72
2024110800007,【総務省】OLSデフォルトレ点対応,OLS_M00494,加入中と同一名称オプションでも料金が変動する場合に、金額差異の注意喚起文言を自動表示する処理を追加,6.5,0.44
2024110800007,【総務省】OLSデフォルトレ点対応,OLS_M00494,購入前ヒアリング画面に「お勧めに利用する旨」を明記した設問を追加し、回答内容を判定用に保存する処理を追加,6.5,0.44
2024110800007,【総務省】OLSデフォルトレ点対応,OLS_M00494,ヒアリング回答結果に応じて料金プラン・オプションへのデフォルト✓点有無を制御する判定ロジックを追加,6.5,0.78
2024110800007,【総務省】OLSデフォルトレ点対応,OLS_M00494,割引・キャンペーン適用条件となるプラン・オプションに「条件である旨」の説明文言を表示する文言管理処理を追加,6.5,0.67
2024110800007,【総務省】OLSデフォルトレ点対応,OLS_M00494,割引・キャンペーン適用条件となるプラン・オプションのみ、条件説明付きでデフォルト✓点を許容する表示制御を追加,6.5,0.67
2024110800007,【総務省】OLSデフォルトレ点対応,OLS_M00494,無料オプションについては従来通りデフォルト✓点を維持し、有料オプションのみガイドラインロジックを適用する制御を追加,6.5,0.78
2024110800007,【総務省】OLSデフォルトレ点対応,OLS_M00494,プラン選択画面における他利用者の選択状況表示（例：ペイトク無制限選択比率）の文言・表現をガイドライン前提に確認し維持,6.5,0.83
2024112200011,【YM】pSIM/eSIM単体のOLS機種変更受付,CCOC_M00321,YMOLS機種変更受付時の審査指示・結果連携フローを移動機機種変更と同等ロジックで処理するよう変更する,1.7,1.7
2024112200011,【YM】pSIM/eSIM単体のOLS機種変更受付,NFA_M00632,SIM機種変更受付完了時に、既存NFAメールテンプレートを用いてEメール・SMS通知を配信するロジックを追加する,20.2,6
2024112200011,【YM】pSIM/eSIM単体のOLS機種変更受付,NFA_M00632,eSIM単体への機種変更において元プラン情報からeSIM型番IDYAA1/TLYAA1を振り分ける制御ロジックを実装する,20.2,6.38
2024112200011,【YM】pSIM/eSIM単体のOLS機種変更受付,NFA_M00632,受付日数経過に応じてeSIMは6日後強制キャンセル、pSIMは7日後強制切替を実行するバッチ処理を追加する,20.2,7.82
2024112200011,【YM】pSIM/eSIM単体のOLS機種変更受付,CindyM_M00648,SIM機種変更受付完了時および回線切替完了時に統合履歴へ履歴を記録する処理を追加する,0.4,0.4
2024112600012,【OLS】アクセサリ単体購入時の配送料請求対応,OLS_M00494,"アクセサリ申込画面で5,500円未満時に送料徴収案内文と金額表示を追加",8.2,0.6
2024112600012,【OLS】アクセサリ単体購入時の配送料請求対応,OLS_M00494,アクセサリ確認画面・申込内容明細に送料金額行を追加表示する処理を実装,8.2,0.49
2024112600012,【OLS】アクセサリ単体購入時の配送料請求対応,OLS_M00494,端末同時購入時はアクセサリ単体送料を発生させない判定ロジックを申込処理に追加,8.2,0.43
2024112600012,【OLS】アクセサリ単体購入時の配送料請求対応,OLS_M00494,"アクセサリ一括購入で5,500円未満の場合のみ送料徴収フラグを立てる料金計算ロジックを追加",8.2,0.47
2024112600012,【OLS】アクセサリ単体購入時の配送料請求対応,OLS_M00494,SB回線有無と支払方法に応じ商品代金と配送料を別明細でCCOCへ連携するIF処理を追加,8.2,0.69
2024112600012,【OLS】アクセサリ単体購入時の配送料請求対応,OLS_M00494,既存B#ありの場合は配送料を初月通信料に合算し請求情報を生成するロジックを追加,8.2,0.51
2024112600012,【OLS】アクセサリ単体購入時の配送料請求対応,OLS_M00494,既存契約なしの場合は商品代金に配送料を合算して請求情報を生成するロジックを追加,8.2,0.43
2024112600012,【OLS】アクセサリ単体購入時の配送料請求対応,OLS_M00494,割賦購入時に商品代金は2か月目、配送料は翌月請求となる請求開始月制御ロジックを追加,8.2,0.64
2024112600012,【OLS】アクセサリ単体購入時の配送料請求対応,OLS_M00494,一括購入時に出荷完了時点で配送料発生とするトリガー制御ロジックを追加,8.2,0.51
2024112600012,【OLS】アクセサリ単体購入時の配送料請求対応,OLS_M00494,申込キャンセル時に送料徴収を行わず送料金額を自動戻入するキャンセル処理を追加,8.2,0.56
2024112600012,【OLS】アクセサリ単体購入時の配送料請求対応,OLS_M00494,端末とアクセサリ同時購入時のアクセサリ単独キャンセルでも送料徴収しない判定ロジックを追加,8.2,0.51
2024112600012,【OLS】アクセサリ単体購入時の配送料請求対応,OLS_M00494,ユーザー管理画面の伝票詳細に送料金額項目を追加表示するUIと取得処理を実装,8.2,0.48
2024112600012,【OLS】アクセサリ単体購入時の配送料請求対応,OLS_M00494,MYSB(WEB)・MYSBアプリ向けに送料料金項目IDを設定し自動表示させる明細連携ロジックを追加,8.2,0.52
2024112600012,【OLS】アクセサリ単体購入時の配送料請求対応,OLS_M00494,各種メールテンプレートに送料金額と課金条件を差し込むプレースホルダを追加,8.2,0.37
2024112600012,【OLS】アクセサリ単体購入時の配送料請求対応,OLS_M00494,DWH連携用にマートb_ols_オンライン申込情報allの既存項目「送料」に配送料を出力する処理を実装,8.2,0.52
2024112600012,【OLS】アクセサリ単体購入時の配送料請求対応,OLS_M00494,アクセサリ購入時のSBポイント利用時に商品代金優先充当ルールを設定するロジックを検討（後に一部drop）,8.2,0.47
2024112600012,【OLS】アクセサリ単体購入時の配送料請求対応,COP_M00365,月次請求書にOLS配送料明細を商品代金と区別して表示するレイアウト制御を追加,0.11,0.11
2024112600012,【OLS】アクセサリ単体購入時の配送料請求対応,CCOC_M00321,OLSからの配送料単独明細を受信し商品代金と分離して登録するインターフェース処理を追加,2.8,1.52
2024112600012,【OLS】アクセサリ単体購入時の配送料請求対応,CCOC_M00321,商品代金キャンセル時に配送料明細はキャンセル対象外とするキャンセル制御ロジックを追加,2.8,1.28
2024120400013,【かんてつ全社施策】1月分対応案件,Similis_M00817,記載なし,0.25,0.25
2024120600010,【審査】（DWH）キャリア履歴データの自動化について,Kiwi_M00672,ジンテックからのキャリア履歴データを自動ダウンロードするバッチ処理を追加,0.9,0.9
2024120600010,【審査】（DWH）キャリア履歴データの自動化について,DWH_M00853,自動連携で取得したキャリア履歴をテーブル「b_jin_キャリア履歴」にそのまま反映する処理を追加,2.4,0.55
2024120600010,【審査】（DWH）キャリア履歴データの自動化について,DWH_M00853,「b_jin_キャリア履歴」から「d_キャリア履歴」へ既存要件定義通りに加工反映するバッチ処理を自動起動するよう変更,2.4,1.85
2024121800014,GINIE本人確認書類読み込み時の「運転経歴証明書」追加,審査PF_M00555,連携受領する本人確認書類区分に運転経歴証明書を追加し審査用コードを新設する改修,21.85,21.85
2024121800014,GINIE本人確認書類読み込み時の「運転経歴証明書」追加,DWH_M00853,確認書タイプコード29（運転経歴証明書）を新設し対象28マートへ項目連携を行うETL改修,0.3,0.3
2024121800014,GINIE本人確認書類読み込み時の「運転経歴証明書」追加,COP_M00365,本人確認記録として登録する書類区分に運転経歴証明書を追加し記録保持する機能を変更する改修,0.15,0.15
2024121800015,ICチップ情報のGINIE貼り付け(マイナンバーカード),Cafe_M00875,ICチップから取得した住所文字列を受信し、住所マスタとバイグラム比較して類似度の高い郵便番号候補を算出する処理を追加,1.45,0.27
2024121800015,ICチップ情報のGINIE貼り付け(マイナンバーカード),Cafe_M00875,住所マスタの都道府県・市区町村・町域・丁目を連結したテキストとICチップ住所をバイグラム方式で比較するロジックを追加,1.45,0.32
2024121800015,ICチップ情報のGINIE貼り付け(マイナンバーカード),Cafe_M00875,検索結果から一致率上位5件の候補を抽出し、同一郵便番号でもまとめず個別候補としてGINIEへ返却する機能を追加,1.45,0.26
2024121800015,ICチップ情報のGINIE貼り付け(マイナンバーカード),Cafe_M00875,ビル名を含む住所も検索対象とし、一致率低下を許容したうえで候補算出する方針に基づくマッチングロジックを実装,1.45,0.32
2024121800015,ICチップ情報のGINIE貼り付け(マイナンバーカード),Cafe_M00875,GINIEからの住所検索リクエストを受け付け、優先順位第1位〜第5位の郵便番号候補と住所情報を返却するAPIインターフェースを新規実装,1.45,0.28
2025010700001,【かんてつ全社施策】2月分対応案件,Similis_M00817,記載なし,0.23,0.23
2025010700013,【OLS】Marsの店舗営業時間マスタ仕様変更,MARS_M00306,店舗営業時間マスタ（店舗系）画面で受付終了時間（時）項目を必須入力に変更する対応,0.3,0.1
2025010700013,【OLS】Marsの店舗営業時間マスタ仕様変更,MARS_M00306,店舗営業時間マスタ（店舗系）画面で受付終了時間（分）項目を必須入力に変更する対応,0.3,0.1
2025010700013,【OLS】Marsの店舗営業時間マスタ仕様変更,MARS_M00306,GEN_SHOP_SALES_TIME_MSTで受付終了時間が空欄の既存レコードを削除するバッチ処理を実施,0.3,0.1
2025012200001,健康保険証の終了と 資格確認書の取り扱い対応,SCMOne_M00403,証明書マスタに資格確認書種別を追加し古物台帳出力対象とする,8.9,4.45
2025012200001,健康保険証の終了と 資格確認書の取り扱い対応,SCMOne_M00403,古物台帳印字レイアウトに証明書発行元項目を追加し印字可能とする,8.9,4.45
2025012200001,健康保険証の終了と 資格確認書の取り扱い対応,DWH_M00853,b_scm_scmone下取登録情報テーブルに証明書発行元項目を追加し連携する,1.1,0.48
2025012200001,健康保険証の終了と 資格確認書の取り扱い対応,DWH_M00853,既存マート抽出ロジックに証明書発行元を追加しレポート出力可能とする,1.1,0.62
2025012200001,健康保険証の終了と 資格確認書の取り扱い対応,DWH_M00853,本件がDWH追加要件であることをメタ情報として管理し抽出定義書に反映する,1.1,0
2025012200001,健康保険証の終了と 資格確認書の取り扱い対応,Web情変_M00019,記載なし,4.7,4.7
2025012200001,健康保険証の終了と 資格確認書の取り扱い対応,CCOC_M00321,記載なし,6.66,6.66
2025012200001,健康保険証の終了と 資格確認書の取り扱い対応,COP_M00365,記載なし,0.15,0.15
2025012200001,健康保険証の終了と 資格確認書の取り扱い対応,Veritas_M00413,記載なし,0.3,0.3
2025012200001,健康保険証の終了と 資格確認書の取り扱い対応,OLS_M00494,上記各OLSに含めた内容以外の改修記載なし,3.5,3.5
2025012200001,健康保険証の終了と 資格確認書の取り扱い対応,審査PF_M00555,記載なし,1.6,1.6
2025012200001,健康保険証の終了と 資格確認書の取り扱い対応,NFA_M00632,記載なし,4.6,4.6
2025012200011,【店頭スマホサポート定額S】12ヶ月特典照会機能実装,CindyM_M00648,継続利用特典案内SMS送信時のサービス名称表記を「店頭スマホサポート定額／定額S」に変更し定額S加入者にも同一文面を配信する制御を追加,0.4,0.4
2025012800004,【不正対策】使用者の本確読込必須化とICチップ読取導入,DWH_M00853,使用者確認書類および家族確認書類の書類区分コード21と種別コードを格納する項目を既存マートに利用,0.4,0.13
2025012800004,【不正対策】使用者の本確読込必須化とICチップ読取導入,DWH_M00853,使用者確認書類で新規に追加される書類種別について「その他」扱いで取り込むロジックを設定,0.4,0.13
2025012800004,【不正対策】使用者の本確読込必須化とICチップ読取導入,DWH_M00853,使用者ICチップ情報の後続連携（テキスト項目）はPh2検討とし、現行仕様を維持,0.4,0.04
2025012800004,【不正対策】使用者の本確読込必須化とICチップ読取導入,DWH_M00853,本案件に関する役員速報・分析用にデータ抽出要件を営業支援1課の提示内容に従い設定,0.4,0.1
2025012800004,【不正対策】使用者の本確読込必須化とICチップ読取導入,CCOC_M00321,使用者本人確認書類・家族確認書類の画像データを申込番号単位で画面表示し目検審査可能とする,3,1.05
2025012800004,【不正対策】使用者の本確読込必須化とICチップ読取導入,CCOC_M00321,複数同時申込時の画像紐付け高度化要件をPh2へ先送りし、現行の1回線目連携仕様を継続利用,3,1.95
2025020500015,【かんてつ全社施策】3月分対応案件,Similis_M00817,かんたん手続き上で新規追加付属品を選択可能とする画面制御を追加,0.23,0.23
2025030500018,【店頭スマホサポート定額】量販チャネル追加,MARS_M00306,取次店付加情報マスタに種別A003を新設し付加情報フラグ設定値2～4を保持する,0.32,0.04
2025030500018,【店頭スマホサポート定額】量販チャネル追加,MARS_M00306,A003レコードの有効開始日・有効終了日に基づき現在有効データのみ参照するロジックを追加する,0.32,0.05
2025030500018,【店頭スマホサポート定額】量販チャネル追加,MARS_M00306,量販チャネルコードでA003設定値2～4に応じ店頭スマホサポート受付可否を制御する,0.32,0.05
2025030500018,【店頭スマホサポート定額】量販チャネル追加,MARS_M00306,量販チャネルコードで継続特典引換履歴・サポート履歴の照会条件にA003設定値2～4を適用する,0.32,0.05
2025030500018,【店頭スマホサポート定額】量販チャネル追加,MARS_M00306,継続特典引換店舗表示でA003設定値変更時はソフトバンク等表示に固定するロジックを追加する,0.32,0.04
2025030500018,【店頭スマホサポート定額】量販チャネル追加,MARS_M00306,量販チャネルで定額加入時のインセンティブ計算用に量販受付識別情報を後続へ連携する,0.32,0.03
2025030500018,【店頭スマホサポート定額】量販チャネル追加,MARS_M00306,量販チャネルで定額解除時に業務手数料支払ルート有無を判定し支払有無を制御する,0.32,0.03
2025030500018,【店頭スマホサポート定額】量販チャネル追加,MARS_M00306,量販チャネルコードの来店予約対象設定を管理しOBS連携用の店舗区分を保持する,0.32,0.03
2025030500018,【店頭スマホサポート定額】量販チャネル追加,DWH_M00853,MARS取次店付加情報マスタA003の全項目を抽出マートへ取り込みレポート利用を可能にする,1,1
2025030500018,【店頭スマホサポート定額】量販チャネル追加,CaMP_M00053,量販チャネル受付の定額加入・サポート利用データに専用インセンティブ条件を適用可能とする,10.7,5.52
2025030500018,【店頭スマホサポート定額】量販チャネル追加,CaMP_M00053,量販チャネルでの定額解除・情報変更時の業務手数料金額を業務別に設定し計算を行う,10.7,5.18
2025031300009,【審査】（CCOC）不適格情報の抽出および削除機能追加,審査PF_M00555,新G5不適格情報DBから自社要注意者情報をダウンロード可能とする機能追加,1.6,0.27
2025031300009,【審査】（CCOC）不適格情報の抽出および削除機能追加,審査PF_M00555,新G5不適格情報DBからホワイトリスト情報をダウンロード可能とする機能追加,1.6,0.27
2025031300009,【審査】（CCOC）不適格情報の抽出および削除機能追加,審査PF_M00555,新G5不適格情報DBから不正加入者NTT番号情報をダウンロード可能とする機能追加,1.6,0.27
2025031300009,【審査】（CCOC）不適格情報の抽出および削除機能追加,審査PF_M00555,自社要注意者情報に対し大量一括削除を実行できる機能を追加,1.6,0.27
2025031300009,【審査】（CCOC）不適格情報の抽出および削除機能追加,審査PF_M00555,ホワイトリスト情報に対し大量一括削除を実行できる機能を追加,1.6,0.27
2025031300009,【審査】（CCOC）不適格情報の抽出および削除機能追加,審査PF_M00555,不正加入者NTT番号情報に対し大量一括削除を実行できる機能を追加,1.6,0.25
2025031300009,【審査】（CCOC）不適格情報の抽出および削除機能追加,CCOC_M00321,不適格情報ダウンロード画面を追加し対象情報種別を選択して抽出可能とする改修,0.1,0.02
2025031300009,【審査】（CCOC）不適格情報の抽出および削除機能追加,CCOC_M00321,不適格情報一括削除画面を追加し選択データを削除実行できる機能を追加,0.1,0.02
2025031300009,【審査】（CCOC）不適格情報の抽出および削除機能追加,CCOC_M00321,削除対象データの確認用一覧表示機能を追加し削除前確認を可能とする改修,0.1,0.02
2025031300009,【審査】（CCOC）不適格情報の抽出および削除機能追加,CCOC_M00321,削除実行ログを記録し削除履歴を追跡可能とするログ出力機能追加,0.1,0.02
2025031300009,【審査】（CCOC）不適格情報の抽出および削除機能追加,CCOC_M00321,不適格情報ダウンロード結果をCSV形式で保存できる出力機能の追加,0.1,0.02
2025041400020,【DWH】見込顧客登録実績マートのカラムの追加,DWH_M00853,見込顧客登録実績マートL2層に予備空カラム50個を追加定義,1,0.5
2025041400020,【DWH】見込顧客登録実績マートのカラムの追加,DWH_M00853,見込顧客登録実績マートL3層に予備空カラム50個を追加定義,1,0.5
2025041600014,【YM】OLS予約機能開発,OLS_M00494,SBOLS側APIにYMブランド向け予約受付インターフェースを追加,34.04,5.3
2025041600014,【YM】OLS予約機能開発,OLS_M00494,予約管理画面にブランド判定を追加しYM予約のみ参照・操作可能とする,34.04,3.46
2025041600014,【YM】OLS予約機能開発,OLS_M00494,予約管理画面で予約データ検索・参照・修正（メールアドレス）・キャンセル機能を実装,34.04,6.93
2025041600014,【YM】OLS予約機能開発,OLS_M00494,在庫割当画面にて予約番号単位に本申込可能フラグ付与処理を実装,34.04,2.75
2025041600014,【YM】OLS予約機能開発,OLS_M00494,YM向け本申込案内メール送信トリガーとCindyM連携用パラメータ出力を追加,34.04,4.07
2025041600014,【YM】OLS予約機能開発,OLS_M00494,予約キャンセル・キャンセル取り消し時のステータス更新とメール連携制御を追加,34.04,4.07
2025041600014,【YM】OLS予約機能開発,OLS_M00494,予約台数制限ロジックをMARS予約管理マスタ参照で実行する処理を実装,34.04,3.46
2025041600014,【YM】OLS予約機能開発,OLS_M00494,障害時に予約受付レジ・予約管理画面を一括閉塞する制御フラグを実装,34.04,4
2025041600014,【YM】OLS予約機能開発,NFA_M00632,予約経由本申込の申込情報を受信し既存本申込フローへ連携するIFを拡張,25.33,6.82
2025041600014,【YM】OLS予約機能開発,NFA_M00632,予約番号と本申込受付番号の紐づけを管理しDWH向けに連携する項目を追加,25.33,5.66
2025041600014,【YM】OLS予約機能開発,NFA_M00632,発売日以降着となる出荷日制御ロジックを既存機能を利用して適用,25.33,6.98
2025041600014,【YM】OLS予約機能開発,NFA_M00632,AppleCare連携用の審査フラグを本申込データに付与しCCOCへ連携,25.33,2.43
2025041600014,【YM】OLS予約機能開発,NFA_M00632,予約制御関連マートへの「予約データであること」を示す項目連携を追加,25.33,3.44
2025041600014,【YM】OLS予約機能開発,CindyM_M00648,予約完了メールのテンプレートをYM向けに新設し自動配信を実装,0.4,0.04
2025041600014,【YM】OLS予約機能開発,CindyM_M00648,本申込依頼メール・リマインドメール・期限切れキャンセルメール配信を実装,0.4,0.06
2025041600014,【YM】OLS予約機能開発,CindyM_M00648,予約キャンセルメール・キャンセル復活メールのテンプレートと配信ロジックを追加,0.4,0.05
2025041600014,【YM】OLS予約機能開発,CindyM_M00648,入荷お待たせメール配信用テンプレートを新設し任意配信を可能とする,0.4,0.06
2025041600014,【YM】OLS予約機能開発,CindyM_M00648,COP補完NGや名寄せNG時の通知メール/SMS配信ロジックを実装,0.4,0.19
2025041600014,【YM】OLS予約機能開発,SCMOne_M00403,直送予約分の在庫確保・登録情報をKintoneおよびDWHへ連携するIFを整備,0.6,0.19
2025041600014,【YM】OLS予約機能開発,SCMOne_M00403,本申込完了・通常販売時に在庫枠（本申込枠・通常枠）の増減を制御する処理を維持,0.6,0.41
2025041600014,【YM】OLS予約機能開発,DWH_M00853,新マート「D_YM_全CHANNEL移動機予約」を新設しYM予約データを格納,3.2,1
2025041600014,【YM】OLS予約機能開発,DWH_M00853,n_nfa申込基本・b_ors_オンライン移動機予約等からYMブランド区別ロジックを実装,3.2,1.3
2025041600014,【YM】OLS予約機能開発,DWH_M00853,予約番号に紐づく本申込ステータス項目を追加し分析可能なスキーマを実装,3.2,0.9
2025050800007,【店頭スマホサポート定額】メール配信条件追加,DWH_M00853,D_店スマSP特典_発行シートに加入時回線S#項目を追加連携し配信条件判定に利用,3.3,1.65
2025050800007,【店頭スマホサポート定額】メール配信条件追加,DWH_M00853,D_店スマSP特典_利用シートに加入時回線S#項目を追加連携し配信条件判定に利用,3.3,1.65
2025050800007,【店頭スマホサポート定額】メール配信条件追加,CindyM_M00648,定期点検・継続利用特典メール配信時に「回線あり」顧客プロファイル条件でSMS対象を抽出,1,1
2025051300002,【OLS】メール再送信機能・臨時メール送信機能開発,OLS_M00494,伝票詳細画面のメール送信履歴に再送ボタンを追加し再送処理を実行する機能を追加,6.3,0.5
2025051300002,【OLS】メール再送信機能・臨時メール送信機能開発,OLS_M00494,再送ボタン押下時に再送確認ポップアップを表示しユーザー確認後に送信実行する処理を追加,6.3,0.25
2025051300002,【OLS】メール再送信機能・臨時メール送信機能開発,OLS_M00494,再送メール送信完了後に再送処理完了メッセージを表示する送信完了画面を追加,6.3,0.19
2025051300002,【OLS】メール再送信機能・臨時メール送信機能開発,OLS_M00494,メール送信履歴に再送メールとして識別可能な履歴行を追加し再送ボタンは表示しないよう変更,6.3,0.28
2025051300002,【OLS】メール再送信機能・臨時メール送信機能開発,OLS_M00494,伝票詳細画面に臨時メール送信登録エリアを追加しプルダウン選択でテンプレートを指定できるよう追加,6.3,0.53
2025051300002,【OLS】メール再送信機能・臨時メール送信機能開発,OLS_M00494,臨時メール用テンプレート30〜45種のプルダウン表示と選択されたテンプレート番号の保持処理を追加,6.3,0.45
2025051300002,【OLS】メール再送信機能・臨時メール送信機能開発,OLS_M00494,臨時メール送信時にオンライン受付番号や契約者氏名など各種パラメータをCindyM_M00648へ連携する処理を追加,6.3,0.57
2025051300002,【OLS】メール再送信機能・臨時メール送信機能開発,OLS_M00494,臨時メール送信時に送信確認ポップアップを表示しテンプレート番号と文言を確認後送信する処理を追加,6.3,0.3
2025051300002,【OLS】メール再送信機能・臨時メール送信機能開発,OLS_M00494,臨時メール送信完了後にテンプレート番号付きの送信完了メッセージを表示する画面を追加,6.3,0.23
2025051300002,【OLS】メール再送信機能・臨時メール送信機能開発,OLS_M00494,臨時メール送信履歴を伝票詳細画面に送信日時・テンプレート名付きで表示し再送ボタンを非表示とする変更,6.3,0.37
2025051300002,【OLS】メール再送信機能・臨時メール送信機能開発,OLS_M00494,申込メニュー内に一括臨時メール送信メニューを新設し一括送信用画面へ遷移する機能を追加,6.3,0.42
2025051300002,【OLS】メール再送信機能・臨時メール送信機能開発,OLS_M00494,一括臨時メール送信画面で予約番号／オンライン受付番号CSVをアップロードし配信対象抽出する処理を追加,6.3,0.66
2025051300002,【OLS】メール再送信機能・臨時メール送信機能開発,OLS_M00494,一括臨時メール送信時に選択テンプレートと送信件数を表示する確認ポップアップを追加,6.3,0.27
2025051300002,【OLS】メール再送信機能・臨時メール送信機能開発,OLS_M00494,一括臨時メール送信完了後に送信件数付きの完了メッセージを表示する画面を追加,6.3,0.2
2025051300002,【OLS】メール再送信機能・臨時メール送信機能開発,OLS_M00494,一括臨時メール送信で配信した履歴を伝票詳細画面に表示し対象テンプレート内容を参照できるように変更,6.3,0.49
2025051300002,【OLS】メール再送信機能・臨時メール送信機能開発,OLS_M00494,OLS管理画面の権限パターンに応じて再送・臨時・一括臨時メール各機能の利用可否を制御するロジックを追加,6.3,0.59
2025051300002,【OLS】メール再送信機能・臨時メール送信機能開発,CindyM_M00648,OLS_M00494から受け取ったテンプレート番号とパラメータを用いてEメールおよびSMSを配信する処理を追加,0.6,0.2
2025051300002,【OLS】メール再送信機能・臨時メール送信機能開発,CindyM_M00648,臨時メールテンプレートにオンライン受付番号や商品表示名など受信パラメータを差し込む機能を追加,0.6,0.12
2025051300002,【OLS】メール再送信機能・臨時メール送信機能開発,CindyM_M00648,臨時メールテンプレートごとにEメール用オファーIDとSMS用オファーIDを管理し配信に利用する処理を追加,0.6,0.12
2025051300002,【OLS】メール再送信機能・臨時メール送信機能開発,CindyM_M00648,MMS送信可否について仕様検討結果を反映した配信チャネル制御ロジックを追加,0.6,0.16
2025051500010,【OLS】家族割 受付対応,OLS_M00494,申込プラン選択画面に新みんな家族割のサービス選択項目を追加する,84.18,5.8
2025051500010,【OLS】家族割 受付対応,OLS_M00494,家族割申込時に対象プラン選択時のみ家族割項目を表示し非対象プランでは非表示制御を行う,84.18,4.97
2025051500010,【OLS】家族割 受付対応,OLS_M00494,情報入力画面に家族割主回線電話番号入力欄と契約者本人/家族選択欄を追加する,84.18,4.55
2025051500010,【OLS】家族割 受付対応,OLS_M00494,入力された主回線MSNを自網/他網判定し他網の場合はアラートメッセージを表示する,84.18,3.73
2025051500010,【OLS】家族割 受付対応,OLS_M00494,申込確認画面に家族割申込内容（主回線MSN・名義区分など）を表示する,84.18,2.9
2025051500010,【OLS】家族割 受付対応,OLS_M00494,申込完了メールなどOLS既存メールに家族割申込情報を追記して配信する,84.18,3.31
2025051500010,【OLS】家族割 受付対応,OLS_M00494,家族割申込時にCCOCへの審査依頼データを生成し送信するインタフェースを実装する,84.18,7.04
2025051500010,【OLS】家族割 受付対応,OLS_M00494,家族割事前審査結果を受信し家族割のみ破棄または回線契約継続を制御するロジックを追加する,84.18,7.04
2025051500010,【OLS】家族割 受付対応,OLS_M00494,家族割申込時に対象プラン判定ロジックを実装し対象外プラン時は家族割申込不可とする,84.18,4.14
2025051500010,【OLS】家族割 受付対応,OLS_M00494,家族割代表回線をMSN・氏カナ・生年月日の三点一致で照合し不一致時は家族割NGとする,84.18,3.31
2025051500010,【OLS】家族割 受付対応,OLS_M00494,申込回線と既存回線の契約者姓と住所IDを照合し条件不一致時は家族割申込を外して進行する,84.18,3.31
2025051500010,【OLS】家族割 受付対応,OLS_M00494,家族割申込時に申込回線と既存回線の名義一致有無を判定しオンライン同意要否を分岐制御する,84.18,3.73
2025051500010,【OLS】家族割 受付対応,OLS_M00494,オンライン同意が必要な案件に対し招待コードを発行し申込回線へメール送信する処理を追加する,84.18,3.73
2025051500010,【OLS】家族割 受付対応,OLS_M00494,既存回線向けオンライン同意サイトURLを生成しCindyM経由SMS送信用データを作成する,84.18,3.31
2025051500010,【OLS】家族割 受付対応,OLS_M00494,オンライン同意招待コードの10日有効期限と5回誤入力時30分ロック処理を管理する,84.18,2.9
2025051500010,【OLS】家族割 受付対応,OLS_M00494,オンライン同意完了／期限切れキャンセル連携を受け回線申込ステータスを更新する,84.18,3.31
2025051500010,【OLS】家族割 受付対応,OLS_M00494,OLS個人ページに家族割契約情報（代表/メンバー・グループIDなど）を照会表示する,84.18,4.55
2025051500010,【OLS】家族割 受付対応,OLS_M00494,管理画面にオンライン同意結果および家族割主回線の契約者情報を表示項目として追加する,84.18,3.31
2025051500010,【OLS】家族割 受付対応,OLS_M00494,管理画面伝票詳細/案件検索結果に家族割関連項目および審査NG理由コードを追加表示する,84.18,3.31
2025051500010,【OLS】家族割 受付対応,OLS_M00494,日報出力に家族割申込有無やオンライン同意結果カラムを追加し出力値定義を変更する,84.18,2.9
2025051500010,【OLS】家族割 受付対応,OLS_M00494,GA計測用に家族割選択イベントと関連カスタムディメンションを送信する機能を追加する,84.18,3.03
2025051500010,【OLS】家族割 受付対応,CCOC_M00321,OLSからの家族割審査依頼を受信し新みんな家族割対象プラン判定ロジックで審査を行う,10.28,2.84
2025051500010,【OLS】家族割 受付対応,CCOC_M00321,既存回線の家族割加入状態と同G#内回線数10回線チェックを事前審査で実施する,10.28,1.45
2025051500010,【OLS】家族割 受付対応,CCOC_M00321,既存回線の家族割代表/メンバー区分と情報変更不可状態をチェックしNG時は家族割不可とする,10.28,1.36
2025051500010,【OLS】家族割 受付対応,CCOC_M00321,家族割申込のみ破棄し回線のみ続行する結果コードをOLSへ返却するインタフェースを実装する,10.28,2.53
2025051500010,【OLS】家族割 受付対応,CCOC_M00321,オンライン同意時の家族関係チェック結果を保持し後送り審査の判断材料として利用する,10.28,2.1
2025051500010,【OLS】家族割 受付対応,CindyM_M00648,OLS申込完了時に家族割同意取得用メールを申込回線宛に送信するテンプレートを新設する,0.8,0.03
2025051500010,【OLS】家族割 受付対応,CindyM_M00648,オンライン同意用招待コードとOSSリンクを既存回線宛SMSで送信するメッセージを新設する,0.8,0.03
2025051500010,【OLS】家族割 受付対応,CindyM_M00648,招待コード再送要求時に初回コードを踏襲し同一内容でメール/SMS再送を行う機能を追加する,0.8,0.03
2025051500010,【OLS】家族割 受付対応,CindyM_M00648,家族割申込不可や審査NG時に理由文言を出し分けた案内メールを申込回線へ配信する,0.8,0.34
2025051500010,【OLS】家族割 受付対応,CindyM_M00648,オンライン同意未取得により回線契約キャンセル時のキャンセル通知SMS配信機能を追加する,0.8,0.37
2025051500010,【OLS】家族割 受付対応,NFA_M00632,OLSからの家族割申込情報を受領し後続の課金・契約情報連携に必要な属性を保持する,9.4,9.4
2025051500010,【OLS】家族割 受付対応,Veritas_M00413,家族割関連の審査・契約情報を参照し与信・審査結果管理テーブルに追加項目を定義する,4.2,4.2
2025051500010,【OLS】家族割 受付対応,DWH_M00853,既存マートb_nfa_mysb_家族割引履歴に事業者コード003と同意種別001のレコードを連携する,0.3,0.06
2025051500010,【OLS】家族割 受付対応,DWH_M00853,家族割同意履歴を抽出可能とするため家族割申込経路やオンライン同意有無の項目を追加する,0.3,0.24
2025051500010,【OLS】家族割 受付対応,KIIRO_M00487,新みんな家族割の情報を料金一覧とCP別紙に印字・格納する帳票出力ロジックを追加する,0.2,0.2
2025052000012,【店頭スマホサポート定額】操作案内内容メニュー化,DWH_M00853,マートD_設定サポート_実績に有料・無料別の操作案内メニュー項目を新設し子メニュー名を格納する処理追加,2,2
2025052000012,【店頭スマホサポート定額】操作案内内容メニュー化,MARS_M00306,店頭スマホサポート用マスタで親「操作案内」に子メニューを設定可能とする項目と管理画面を追加,1.02,0.21
2025052000012,【店頭スマホサポート定額】操作案内内容メニュー化,MARS_M00306,項目編集機能にオンデマンドチェックを実装し更新時に子メニュー数が21個以上か判定しアラート出力,1.02,0.14
2025052000012,【店頭スマホサポート定額】操作案内内容メニュー化,MARS_M00306,夜間バッチで子メニュー数を毎日18時にチェックし21個以上の場合に業務担当へメール通知する機能追加,1.02,0.67
2025052600005,【OLS】複数台連続申込,OLS_M00494,カート画面に端末追加機能を実装し、端末を複数台カートインできるよう変更する,26.1,1.56
2025052600005,【OLS】複数台連続申込,OLS_M00494,カート画面で端末とアクセサリを同一カートに同時追加可能とする制御を追加する,26.1,0.89
2025052600005,【OLS】複数台連続申込,OLS_M00494,カート機能で端末同時購入を1台制限としつつカートイン上限3商品を現行仕様で維持する,26.1,0.59
2025052600005,【OLS】複数台連続申込,OLS_M00494,複数台同時申込における1申込あたり回線上限数のパラメータを申込ロジックに追加する,26.1,0.55
2025052600005,【OLS】複数台連続申込,OLS_M00494,複数端末をカートに入れた際、各回線ごとにプラン選択項目を表示し設定可能にする,26.1,1.08
2025052600005,【OLS】複数台連続申込,OLS_M00494,アクセサリ選択画面で各回線の端末に紐づくアクセサリを個別に選択できるUIを追加する,26.1,0.82
2025052600005,【OLS】複数台連続申込,OLS_M00494,契約種別選択画面で複数回線分の契約区分と家族割適用の有無を一括で設定可能とする,26.1,0.71
2025052600005,【OLS】複数台連続申込,OLS_M00494,契約種別組合せ表に基づき1回線目と2回線目の契約種別申込可否を制御するロジックを追加する,26.1,0.75
2025052600005,【OLS】複数台連続申込,OLS_M00494,商材組合せ表に基づき端末種別とSIM単の2回線目申込可否を制御するバリデーションを実装する,26.1,0.69
2025052600005,【OLS】複数台連続申込,OLS_M00494,プラスワン申込フローで1回線目完了画面から2回線目申込導線を表示する家族割訴求バナーを追加する,26.1,0.43
2025052600005,【OLS】複数台連続申込,OLS_M00494,プラスワン申込時に1回線目の本人確認結果を2回線目口座へコピーする処理を情報入力基盤へ追加する,26.1,0.94
2025052600005,【OLS】複数台連続申込,OLS_M00494,機種変更プラスワン申込でCASIS認証条件を満たす場合に本人確認アップロードをスキップする制御を追加する,26.1,0.85
2025052600005,【OLS】複数台連続申込,OLS_M00494,情報入力画面で契約種別が機種変更・番号移行の場合に契約者情報を既存契約情報から自動フィルインする,26.1,0.87
2025052600005,【OLS】複数台連続申込,OLS_M00494,複数同時申込で各回線の使用者情報を回線単位で個別入力させるフォーム構成を追加する,26.1,0.64
2025052600005,【OLS】複数台連続申込,OLS_M00494,規約同意画面で各回線固有注意事項を個別表示し共通注意文言をまとめて表示するレイアウトに変更する,26.1,0.41
2025052600005,【OLS】複数台連続申込,OLS_M00494,確認画面で回線毎の料金内訳と合計金額を分けて表示し家族割割引額を明示する表示ロジックを実装する,26.1,0.66
2025052600005,【OLS】複数台連続申込,OLS_M00494,申込登録処理で1回線目と2回線目について申込番号を別採番し相互の紐づきIDを保持するテーブル項目を追加する,26.1,1.01
2025052600005,【OLS】複数台連続申込,OLS_M00494,支払方法入力画面で複数回線申込時に支払方法を共通選択とし異なる支払方法を選択不可にする制御を追加する,26.1,0.48
2025052600005,【OLS】複数台連続申込,OLS_M00494,審査連携処理で複数回線申込時に各申込番号単位でCCOC_M00321へ個別に審査リクエストを送信する,26.1,1.05
2025052600005,【OLS】複数台連続申込,OLS_M00494,配送情報登録処理で回線毎に個別配送伝票を作成し配送料も回線単位で課金するロジックを追加する,26.1,0.75
2025052600005,【OLS】複数台連続申込,OLS_M00494,完了メール配信機能で複数同時申込時も回線毎に個別の申込完了メールを送信するようテンプレートを分割する,26.1,0.5
2025052600005,【OLS】複数台連続申込,OLS_M00494,管理画面に複数同時申込で紐づいた回線一覧を表示する項目を追加し検索条件に連携IDを追加する,26.1,0.69
2025052600005,【OLS】複数台連続申込,OLS_M00494,電話番号入力画面で連絡先電話番号が自網か他網かに応じて完了画面導線を出し分けるロジックを追加する,26.1,0.37
2025052600005,【OLS】複数台連続申込,OLS_M00494,家族割申込時にカートで最初に追加された端末をデフォルト代表回線として設定するロジックを追加する,26.1,0.34
2025052600005,【OLS】複数台連続申込,OLS_M00494,家族割申込画面で代表回線MSNを変更可能な選択UIを用意しユーザーが代表回線を任意変更できるようにする,26.1,0.62
2025052600005,【OLS】複数台連続申込,OLS_M00494,家族割申込時に既存代表回線MSN入力欄を設けCASIS認証情報から氏名カナと生年月日を自動反映する,26.1,0.66
2025052600005,【OLS】複数台連続申込,OLS_M00494,家族割申込時に代表回線のプラン条件や家族割加入上限を事前審査結果に基づき画面上でエラー表示する,26.1,0.59
2025052600005,【OLS】複数台連続申込,OLS_M00494,家族割申込不可で回線契約のみ継続された場合に申込回線へ家族割申込不可メールを送信する機能を追加する,26.1,0.5
2025052600005,【OLS】複数台連続申込,OLS_M00494,プラスワン連続申込の対象契約種別・商材組合せマトリクスに基づき2回線目受付可否を制御する判定処理を実装する,26.1,0.85
2025052600005,【OLS】複数台連続申込,OLS_M00494,下取り案内を申込完了後の画面で表示し複数同時申込でも回線毎に下取り案内を行う導線を追加する,26.1,0.46
2025052600005,【OLS】複数台連続申込,OLS_M00494,複数台専用ページから端末とプランを2回線分選択し年間割引額シミュレーション結果を表示する画面を新設する,26.1,1.24
2025052600005,【OLS】複数台連続申込,OLS_M00494,複数台専用ページから「まとめてカートに入れる」操作で2回線分端末とプランを一括カートインする処理を追加する,26.1,0.96
2025052600005,【OLS】複数台連続申込,OLS_M00494,カートから流入したプラスワン申込時のみ家族割訴求バナーを表示する条件分岐を追加する,26.1,0.3
2025052600005,【OLS】複数台連続申込,OLS_M00494,プラスワン申込でiPadやウェアラブル等プラスワン端末を表示し本人確認書類複製による手続き簡略文言を表示する,26.1,0.46
2025052600005,【OLS】複数台連続申込,OLS_M00494,プラスワン申込で1回線目と2回線目の契約種別に応じて本人確認スキップ条件をCASIS結果に基づき判定する,26.1,0.8
2025052600005,【OLS】複数台連続申込,OLS_M00494,統合履歴連携用IFで2回線目に「複数台（連続）申込の本人確認スキップ」文言を自動登録する項目を追加する,26.1,0.55
2025052600005,【OLS】複数台連続申込,OLS_M00494,OLS管理システム上でプラスワン対象申込を特定できるフラグを申込データに付与する機能を追加する,26.1,0.48
2025052600005,【OLS】複数台連続申込,DWH_M00853,b_ols_オンライン申込情報allマートに本人確認書類コピー有無フラグ項目を追加しコピー時のみ有を出力する,1.2,1.2
2025052600005,【OLS】複数台連続申込,CCOC_M00321,複数回線申込時に本人確認スキップフラグを受領し対象申込の本人確認書類審査をスキップするロジックを追加する,6.67,2.43
2025052600005,【OLS】複数台連続申込,CCOC_M00321,本人確認スキップ時に対外新規だが本人確認未実施であることを示すフラグを審査結果として連携する,6.67,2.13
2025052600005,【OLS】複数台連続申込,CCOC_M00321,複数回線申込の1回線目と2回線目を個別に審査し片方不備キャンセルでも他方開通可能とする判定ロジックを追加する,6.67,2.11
2025053000010,【OLS】追加新規申込,OLS_M00494,追加新規申込フローにログイン認証画面を追加し、契約者同一時のみログインを必須化,50.96,6.27
2025053000010,【OLS】追加新規申込,OLS_M00494,ログイン回線の料金プラン・家族割加入有無・代表判定・G#内回線数を照会し申込可否を制御,50.96,7.11
2025053000010,【OLS】追加新規申込,OLS_M00494,家族割未加入時にログイン回線と申込回線で新規家族グループを作成する処理を追加,50.96,5.86
2025053000010,【OLS】追加新規申込,OLS_M00494,家族割代表回線かつ10回線未満の場合に既存家族グループへ申込回線を追加登録する処理を追加,50.96,5.69
2025053000010,【OLS】追加新規申込,OLS_M00494,家族割非代表または10回線満了時に家族割申込不可エラーを表示し専用フローに遷移させる制御を追加,50.96,4.77
2025053000010,【OLS】追加新規申込,OLS_M00494,ログイン回線の初回契約時氏名・住所と現在情報の差分有無確認画面を追加し同意取得を行う,50.96,5.19
2025053000010,【OLS】追加新規申込,OLS_M00494,氏名・住所変更なしの場合に本人確認書類アップロード画面をスキップする分岐ロジックを追加,50.96,4.02
2025053000010,【OLS】追加新規申込,OLS_M00494,ログイン回線のC#・B#が申込回線と同一の場合のみC#/B#引継ぎを行うコピー機能を追加,50.96,5.35
2025053000010,【OLS】追加新規申込,OLS_M00494,本人確認スキップ時に本人確認なしフラグ・同意情報を申込データに格納し後続連携用に保持,50.96,6.7
2025053000010,【OLS】追加新規申込,CCOC_M00321,本人確認なしフラグ受領時に本人確認書類審査をスキップする審査ロジックを追加,5.8,3.62
2025053000010,【OLS】追加新規申込,CCOC_M00321,家族割申込回線の事前審査でG#内回線数上限10回線をチェックしNG時にエラー返却を行う,5.8,2.18
2025053000010,【OLS】追加新規申込,Veritas_M00413,追加新規における家族割グループ作成・追加・本人確認スキップ状態を契約情報として保持,0.7,0.7
2025053000010,【OLS】追加新規申込,DWH_M00853,b_nfa_mysb_家族割引履歴マートに家族割オンライン同意の既存項目を利用してデータ格納,1.4,0.59
2025053000010,【OLS】追加新規申込,DWH_M00853,b_ols_オンライン申込情報allマートに本人確認スキップフラグ・同意情報項目を新設し連携,1.4,0.59
2025053000010,【OLS】追加新規申込,DWH_M00853,b_ols_オンライン申込情報allマートにプランコピー有無・オプションコピー有無項目を新設,1.4,0.22
2025053000010,【OLS】追加新規申込,CASIS_M00125,追加新規時のログイン認証機能を拡張しOLSからの認証要求・結果返却IFを実装,3.75,3.75
2025053000010,【OLS】追加新規申込,COP_M00365,ログイン回線の初回契約時氏名・住所と現在情報の照会ロジックをYM仕様に準拠して実装,1.5,1.5
2025060900061,【審査】顔照合AI審査のイメ－ジ連携方式変更(CL残分対応),CCOC_M00321,直審査H01向けイメージファイルをSCCMに配置する処理を追加実装,2.89,0.58
2025060900061,【審査】顔照合AI審査のイメ－ジ連携方式変更(CL残分対応),CCOC_M00321,審査PFからCCOC受付NASへのマウントを解除しイメージ参照経路を変更,2.89,2.31
2025072900007,【OLS】ペイトク訴求強化,OLS_M00494,機種変更時プラン選択画面にペイトクシミュレーション表示機能を追加実装,10.1,2.13
2025072900007,【OLS】ペイトク訴求強化,OLS_M00494,契約区分別プランバナー表示ロジックをペイトク訴求パターンと連動する処理へ変更,10.1,1.5
2025072900007,【OLS】ペイトク訴求強化,OLS_M00494,プラン選択の選択肢を「既存プラン継続」と「ペイトク無制限」の2択に制限する制御を追加,10.1,1.25
2025072900007,【OLS】ペイトク訴求強化,OLS_M00494,機種変更時契約区分画面からPayPay利用額ヒアリング項目を削除し入力不可とする,10.1,0.38
2025072900007,【OLS】ペイトク訴求強化,OLS_M00494,純新規・MNP・番号移行申込フローで＋10%訴求を表示するバナー出し分け機能を追加,10.1,1.63
2025072900007,【OLS】ペイトク訴求強化,OLS_M00494,MySB同等のペイトク訴求コピーをABテストできる文言切替機能を訴求パーツに実装,10.1,3.21
2025072900007,【OLS】ペイトク訴求強化,Similis_M00817,OLS向けに利用者の前月PayPay決済額をAPI連携し返却するインターフェースを追加,3.45,1.55
2025072900007,【OLS】ペイトク訴求強化,Similis_M00817,OLS連携用にペイトク訴求対象判定で必要なPayPay利用額取得バッチ処理を追加,3.45,1.9
2025072900007,【OLS】ペイトク訴求強化,DWH_M00853,b_ols_オンライン申込情報allマートにペイトク訴求パターン項目を新設し格納ロジックを実装,2.2,0.53
2025072900007,【OLS】ペイトク訴求強化,DWH_M00853,OLSから連携されるペイトク訴求パターンを日報データに出力するETL処理を追加,2.2,1.67
2025080500010,【NFA改善枠】eSIM端末セット受付チャネルの拡張①（YJ）,NFA_M00632,本登録チャネルマスタに新取次店チャネルを追加定義し強制開通日等を設定,2.11,1.06
2025080500010,【NFA改善枠】eSIM端末セット受付チャネルの拡張①（YJ）,NFA_M00632,メール制御マスタに取次店別フローを追加し送信メール種別を制御,2.11,1.05
2025092400001,【OLS】IDPWリカバリ時の離脱防止,CASIS_M00125,SB向けIDリカバリ最終画面の遷移ボタン文言とリンク先をOLSログイン画面に変更,4,0.2
2025092400001,【OLS】IDPWリカバリ時の離脱防止,CASIS_M00125,SB向けPWリカバリ最終画面の遷移ボタン文言とリンク先をOLSログイン画面に変更,4,0.2
2025092400001,【OLS】IDPWリカバリ時の離脱防止,CASIS_M00125,SB OLSログイン画面で認証成功時に機種変更・番号移行等の続きページへ復帰させる遷移制御を追加,4,0.47
2025092400001,【OLS】IDPWリカバリ時の離脱防止,CASIS_M00125,YM向けIDリカバリ最終画面の「ログイン画面に戻る」ボタン遷移先をYM OLSログイン画面に変更,4,0.17
2025092400001,【OLS】IDPWリカバリ時の離脱防止,CASIS_M00125,YM OLSログイン画面で認証成功時に機種変更・番号移行・追加新規等の続きページへ遷移させる制御を追加,4,0.47
2025092400001,【OLS】IDPWリカバリ時の離脱防止,CASIS_M00125,LINEMO向けID/PWリカバリ最終画面の「ログイン画面に戻る」ボタン遷移先をLINEMO OLSログイン画面に変更,4,0.23
2025092400001,【OLS】IDPWリカバリ時の離脱防止,CASIS_M00125,LINEMO OLSログイン画面で認証成功時に番号移行・追加新規等の続きページへ遷移させる制御を追加,4,0.47
2025092400001,【OLS】IDPWリカバリ時の離脱防止,CASIS_M00125,各ブランド共通で端末情報・手続き内容を保持し続きページに引き継ぐセッション管理ロジックを改修,4,1.79
2025101400007,【YM】OLS持込機種変更受付（e→e）,CaMP_M00053,YMOLS公式店VZ7X11166でのeSIM単体機種変更に対し継続手数料半額計上ロジックを適用,0.2,0.2
2025112000011,【S-out】LINE通知メッセージ配信終了対応,OLS_M00494,SBOLSのLINE通知設定管理画面から関連メニュー・項目を削除,1.92,0.38
2025112000011,【S-out】LINE通知メッセージ配信終了対応,OLS_M00494,SBOLSのLINE通知配信用バッチ処理を停止しジョブ定義を削除,1.92,1.54
2025121000011,【OLS】追加新規 / 複数台同時申込②,OLS_M00494,追加新規の契約区分選択画面に家族割手上げ有無の選択項目を追加実装,37.69,1.86
2025121000011,【OLS】追加新規 / 複数台同時申込②,OLS_M00494,追加新規のプラン選択画面で家族割グループ回線数に応じた割引額を動的表示,37.69,2.8
2025121000011,【OLS】追加新規 / 複数台同時申込②,OLS_M00494,追加新規の家族情報入力画面で代表回線契約者＝ログイン回線契約者時に入力スキップ制御,37.69,0.95
2025121000011,【OLS】追加新規 / 複数台同時申込②,OLS_M00494,追加新規の規約同意画面に家族割規約表示と同意取得処理を追加,37.69,1.1
2025121000011,【OLS】追加新規 / 複数台同時申込②,OLS_M00494,追加新規の内容確認画面に新みんな家族割の割引額表示と合計額反映ロジックを追加,37.69,2.6
2025121000011,【OLS】追加新規 / 複数台同時申込②,OLS_M00494,追加新規の内容確認画面でB#統合可否に応じクレジットカード入力欄表示制御を実装,37.69,1.29
2025121000011,【OLS】追加新規 / 複数台同時申込②,OLS_M00494,複数回線申込のプラン選択画面でプラスワンの家族割手上げチェックボックスを追加,37.69,0.95
2025121000011,【OLS】追加新規 / 複数台同時申込②,OLS_M00494,複数回線申込で1回線目手上げ時に2回線目へ代表電話番号フィルイン処理を追加,37.69,1.18
2025121000011,【OLS】追加新規 / 複数台同時申込②,OLS_M00494,複数回線申込で両回線手上げ時に家族情報入力画面をスキップし確認画面に1回線目情報表示,37.69,1.48
2025121000011,【OLS】追加新規 / 複数台同時申込②,OLS_M00494,ログイン回線の家族割グループ回線数・種別取得による受付可否分岐ロジックを実装,37.69,2.6
2025121000011,【OLS】追加新規 / 複数台同時申込②,OLS_M00494,グループ10回線以上の場合に家族割受付UIを非表示とし申込を不可とする制御を実装,37.69,0.76
2025121000011,【OLS】追加新規 / 複数台同時申込②,OLS_M00494,代表/子回線別にオンライン同意要否を制御しメール送信トリガーを実装,37.69,1.54
2025121000011,【OLS】追加新規 / 複数台同時申込②,OLS_M00494,家族割申込時の家族割情報を個人ページメイン画面に表示する項目を追加,37.69,1.19
2025121000011,【OLS】追加新規 / 複数台同時申込②,OLS_M00494,家族割申込時の家族割情報を管理画面伝票詳細に出力する項目を追加,37.69,0.95
2025121000011,【OLS】追加新規 / 複数台同時申込②,OLS_M00494,プラン画面に家族割訴求バナーを追加し対象外プラン時にのみ表示制御,37.69,0.95
2025121000011,【OLS】追加新規 / 複数台同時申込②,OLS_M00494,ログイン回線・申込回線のプラン組合せ別に割引表示パターンを制御するロジックを追加,37.69,1.67
2025121000011,【OLS】追加新規 / 複数台同時申込②,OLS_M00494,C#統合可否を判定する名義・支払方法・住所生年月日条件チェック処理を実装,37.69,1.92
2025121000011,【OLS】追加新規 / 複数台同時申込②,OLS_M00494,B#統合可否を判定する名義・クレカ決済・請求住所一致チェック処理を実装,37.69,1.92
2025121000011,【OLS】追加新規 / 複数台同時申込②,OLS_M00494,C#のみ統合時にB#の新規入力必須とし書類スキップ可否を制御する処理を追加,37.69,1.42
2025121000011,【OLS】追加新規 / 複数台同時申込②,OLS_M00494,B#のみ統合時にC#新規登録とし書類スキップ不可とする制御ロジックを追加,37.69,1.42
2025121000011,【OLS】追加新規 / 複数台同時申込②,OLS_M00494,C#・B#両統合時に支払情報入力を不要とし書類スキップ可とする処理を追加,37.69,1.48
2025121000011,【OLS】追加新規 / 複数台同時申込②,OLS_M00494,C#・B#統合不可時に両方の支払情報入力と書類提出を必須とする制御を実装,37.69,1.48
2025121000011,【OLS】追加新規 / 複数台同時申込②,OLS_M00494,複数回線申込で1回線目手上げなし時に2回線目のデフォルトチェックを外す制御を追加,37.69,0.83
2025121000011,【OLS】追加新規 / 複数台同時申込②,OLS_M00494,両回線手上げなしで両回線開通後に家族割案内メール送信フラグを設定する機能を追加,37.69,1.18
2025121000011,【OLS】追加新規 / 複数台同時申込②,OLS_M00494,複数回線申込の確認画面で両回線手上げ時の家族情報表示有無を制御する処理を実装,37.69,1.25
2025121000011,【OLS】追加新規 / 複数台同時申込②,OLS_M00494,アプリ起点パラメータあり時の複数回線画面ラベル制御は別案件へ移管するため既存ロジック調整,37.69,0.92